{
    "epoch": 3.0,
    "eval_BLEU2_bleu": 0.12479239257696632,
    "eval_BLEU2_bleuP": 12.479239257696632,
    "eval_BLEU2_precisions": "[0.3465831860650113, 0.08072580215437355, 0.022262475833904418, 0.005676288533431389]",
    "eval_BLEU_bleu": 0.01653074369397412,
    "eval_BLEU_bleuP": 1.6531,
    "eval_BLEU_brevity_penalty": 0.504955539310206,
    "eval_BLEU_length_ratio": 0.5940765007968833,
    "eval_BLEU_precisions": "[0.27944409255188346, 0.061296506055589436, 0.01638571877290336, 0.00409223773952582]",
    "eval_BLEU_reference_length": 45176,
    "eval_BLEU_translation_length": 26838,
    "eval_ROUGE_rouge1": 27.3592,
    "eval_ROUGE_rouge2": 7.1384,
    "eval_ROUGE_rougeL": 25.111,
    "eval_ROUGE_rougeLsum": 25.2417,
    "eval_gen_len": 12.297554697554698,
    "eval_loss": 3.094306230545044,
    "eval_runtime": 264.5587,
    "eval_samples": 3885,
    "eval_samples_per_second": 14.685,
    "eval_steps_per_second": 0.919,
    "predict_BLEU2_bleu": 0.11784433485970702,
    "predict_BLEU2_bleuP": 11.784433485970702,
    "predict_BLEU2_precisions": "[0.36485510729185616, 0.08010631671637009, 0.02181824902489413, 0.006833438009372375]",
    "predict_BLEU_bleu": 0.01740773679521396,
    "predict_BLEU_bleuP": 1.7408,
    "predict_BLEU_brevity_penalty": 0.45943656960717133,
    "predict_BLEU_length_ratio": 0.5625074004783669,
    "predict_BLEU_precisions": "[0.28273132946030144, 0.060646044079558224, 0.01819873248444677, 0.006604644556494567]",
    "predict_BLEU_reference_length": 42227,
    "predict_BLEU_translation_length": 23753,
    "predict_ROUGE_rouge1": 26.5149,
    "predict_ROUGE_rouge2": 6.5587,
    "predict_ROUGE_rougeL": 24.1124,
    "predict_ROUGE_rougeLsum": 24.248,
    "predict_gen_len": 13.018839258584016,
    "predict_loss": 3.0803818702697754,
    "predict_runtime": 248.4888,
    "predict_samples": 3291,
    "predict_samples_per_second": 13.244,
    "predict_steps_per_second": 0.829,
    "train_loss": 3.4081651610318446,
    "train_runtime": 8613.7809,
    "train_samples": 58025,
    "train_samples_per_second": 20.209,
    "train_steps_per_second": 1.263
}