{
    "epoch": 3.0,
    "eval_BLEU2_bleu": 0.20963304637153815,
    "eval_BLEU2_bleuP": 20.963304637153815,
    "eval_BLEU2_precisions": "[0.4522521177166545, 0.1471763186502145, 0.057367547792102916, 0.023394121797680544]",
    "eval_BLEU_bleu": 0.0584220885795348,
    "eval_BLEU_bleuP": 5.8422,
    "eval_BLEU_brevity_penalty": 0.6863056633142265,
    "eval_BLEU_length_ratio": 0.7265160002800924,
    "eval_BLEU_precisions": "[0.40914895667678663, 0.12690297335123246, 0.04831612349012114, 0.020931129101752953]",
    "eval_BLEU_reference_length": 114248,
    "eval_BLEU_translation_length": 83003,
    "eval_ROUGE_rouge1": 42.1802,
    "eval_ROUGE_rouge2": 15.2305,
    "eval_ROUGE_rougeL": 39.4951,
    "eval_ROUGE_rougeLsum": 39.5572,
    "eval_gen_len": 10.456555230318903,
    "eval_loss": 2.457273006439209,
    "eval_runtime": 568.1657,
    "eval_samples": 12982,
    "eval_samples_per_second": 22.849,
    "eval_steps_per_second": 1.429,
    "predict_BLEU2_bleu": 0.21245249559190396,
    "predict_BLEU2_bleuP": 21.245249559190395,
    "predict_BLEU2_precisions": "[0.4736969572113666, 0.15793269413197913, 0.0632407232186498, 0.024433131130005645]",
    "predict_BLEU_bleu": 0.059503245063505815,
    "predict_BLEU_bleuP": 5.9503,
    "predict_BLEU_brevity_penalty": 0.6465140962914648,
    "predict_BLEU_length_ratio": 0.6963011134727025,
    "predict_BLEU_precisions": "[0.42876342555154384, 0.13693840211425087, 0.05353766876913554, 0.022826964624751762]",
    "predict_BLEU_reference_length": 126092,
    "predict_BLEU_translation_length": 87798,
    "predict_ROUGE_rouge1": 43.2131,
    "predict_ROUGE_rouge2": 15.7756,
    "predict_ROUGE_rougeL": 40.4672,
    "predict_ROUGE_rougeLsum": 40.5342,
    "predict_gen_len": 10.301056086770373,
    "predict_loss": 2.4119839668273926,
    "predict_runtime": 598.3619,
    "predict_samples": 14014,
    "predict_samples_per_second": 23.421,
    "predict_steps_per_second": 1.464,
    "train_loss": 2.756541872022428,
    "train_runtime": 29854.2041,
    "train_samples": 241241,
    "train_samples_per_second": 24.242,
    "train_steps_per_second": 1.515
}