{
    "epoch": 3.0,
    "eval_BLEU2_bleu": 0.24132488463893464,
    "eval_BLEU2_bleuP": 24.132488463893466,
    "eval_BLEU2_precisions": "[0.5921922112606135, 0.276445503006972, 0.1734456643775624, 0.12668595974305147]",
    "eval_BLEU_bleu": 0.12078359088063274,
    "eval_BLEU_bleuP": 12.0784,
    "eval_BLEU_brevity_penalty": 0.5408547655643134,
    "eval_BLEU_length_ratio": 0.6193467224596497,
    "eval_BLEU_precisions": "[0.5571897778674119, 0.2544409192662619, 0.15695296523517382, 0.1117762367472546]",
    "eval_BLEU_reference_length": 112081,
    "eval_BLEU_translation_length": 69417,
    "eval_ROUGE_rouge1": 47.9757,
    "eval_ROUGE_rouge2": 24.3893,
    "eval_ROUGE_rougeL": 45.2194,
    "eval_ROUGE_rougeLsum": 45.558,
    "eval_gen_len": 18.00655290102389,
    "eval_loss": 1.7303637266159058,
    "eval_runtime": 304.3341,
    "eval_samples": 7325,
    "eval_samples_per_second": 24.069,
    "eval_steps_per_second": 1.505,
    "predict_BLEU2_bleu": 0.18383476322400424,
    "predict_BLEU2_bleuP": 18.383476322400423,
    "predict_BLEU2_precisions": "[0.5443471346042825, 0.20321846745778455, 0.10547270375651573, 0.060246570646804984]",
    "predict_BLEU_bleu": 0.07623073497497321,
    "predict_BLEU_bleuP": 7.6231,
    "predict_BLEU_brevity_penalty": 0.513473537380198,
    "predict_BLEU_length_ratio": 0.6000395600917794,
    "predict_BLEU_precisions": "[0.5064214135021097, 0.1852830857379131, 0.09493925766829989, 0.05453238528188989]",
    "predict_BLEU_reference_length": 126390,
    "predict_BLEU_translation_length": 75839,
    "predict_ROUGE_rouge1": 42.9419,
    "predict_ROUGE_rouge2": 17.5706,
    "predict_ROUGE_rougeL": 39.9868,
    "predict_ROUGE_rougeLsum": 40.3667,
    "predict_gen_len": 17.359394237872444,
    "predict_loss": 1.9091718196868896,
    "predict_runtime": 340.3539,
    "predict_samples": 8122,
    "predict_samples_per_second": 23.863,
    "predict_steps_per_second": 1.493,
    "train_loss": 1.8697763806367158,
    "train_runtime": 24953.5794,
    "train_samples": 167288,
    "train_samples_per_second": 20.112,
    "train_steps_per_second": 1.257
}