{
    "epoch": 3.0,
    "eval_BLEU2_bleu": 0.14781958927099909,
    "eval_BLEU2_bleuP": 14.78195892709991,
    "eval_BLEU2_precisions": "[0.5312930057467052, 0.15699233611285204, 0.055095142459291355, 0.019168269727996717]",
    "eval_BLEU_bleu": 0.029316812838935235,
    "eval_BLEU_bleuP": 2.9317,
    "eval_BLEU_brevity_penalty": 0.35697657003670924,
    "eval_BLEU_length_ratio": 0.4925901803160215,
    "eval_BLEU_precisions": "[0.4835449457535636, 0.1356972810424759, 0.04627483851881071, 0.01498149875154177]",
    "eval_BLEU_reference_length": 112081,
    "eval_BLEU_translation_length": 55210,
    "eval_ROUGE_rouge1": 35.3771,
    "eval_ROUGE_rouge2": 11.7939,
    "eval_ROUGE_rougeL": 33.6538,
    "eval_ROUGE_rougeLsum": 33.8794,
    "eval_gen_len": 16.522866894197954,
    "eval_loss": 2.3409175872802734,
    "eval_runtime": 424.9881,
    "eval_samples": 7325,
    "eval_samples_per_second": 17.236,
    "eval_steps_per_second": 1.078,
    "predict_BLEU2_bleu": 0.13962450973687388,
    "predict_BLEU2_bleuP": 13.962450973687387,
    "predict_BLEU2_precisions": "[0.5254118519910047, 0.13885682108662228, 0.05129131534167416, 0.01765262563095613]",
    "predict_BLEU_bleu": 0.027339880688685418,
    "predict_BLEU_bleuP": 2.734,
    "predict_BLEU_brevity_penalty": 0.3456721736650639,
    "predict_BLEU_length_ratio": 0.484903868976976,
    "predict_BLEU_precisions": "[0.4761943610494713, 0.12173193394274537, 0.0446674362845218, 0.015112940794106494]",
    "predict_BLEU_reference_length": 126390,
    "predict_BLEU_translation_length": 61287,
    "predict_ROUGE_rouge1": 34.9876,
    "predict_ROUGE_rouge2": 10.4203,
    "predict_ROUGE_rougeL": 32.9003,
    "predict_ROUGE_rougeLsum": 33.1122,
    "predict_gen_len": 16.119182467372568,
    "predict_loss": 2.487206220626831,
    "predict_runtime": 483.4188,
    "predict_samples": 8122,
    "predict_samples_per_second": 16.801,
    "predict_steps_per_second": 1.051,
    "train_loss": 2.7133192876199472,
    "train_runtime": 21795.9144,
    "train_samples": 167288,
    "train_samples_per_second": 23.026,
    "train_steps_per_second": 1.439
}