{
    "epoch": 1.0,
    "eval_BLEU2_bleu": 0.10516238581890293,
    "eval_BLEU2_bleuP": 10.516238581890294,
    "eval_BLEU2_precisions": "[0.13921317503197583, 0.11196998857939325, 0.09444384929438164, 0.08073605123147541]",
    "eval_BLEU_bleu": 0.09880182184250107,
    "eval_BLEU_bleuP": 9.8802,
    "eval_BLEU_brevity_penalty": 1.0,
    "eval_BLEU_length_ratio": 6.136960484444033,
    "eval_BLEU_precisions": "[0.13488994945528504, 0.10644058567279768, 0.08862025086347937, 0.07489278634138448]",
    "eval_BLEU_reference_length": 32367,
    "eval_BLEU_translation_length": 198635,
    "eval_ROUGE_rouge1": 39.9811,
    "eval_ROUGE_rouge2": 29.2251,
    "eval_ROUGE_rougeL": 36.9825,
    "eval_ROUGE_rougeLsum": 39.7539,
    "eval_gen_len": 1024.0,
    "eval_loss": 1.7273591756820679,
    "eval_runtime": 30.7914,
    "eval_samples": 300,
    "eval_samples_per_second": 9.743,
    "eval_steps_per_second": 1.234,
    "generate_BLEU2_bleu": 0.22651633999335488,
    "generate_BLEU2_bleuP": 22.651633999335488,
    "generate_BLEU2_precisions": "[0.3101533849516962, 0.24290914058538457, 0.2006556455212368, 0.16880596909393528]",
    "generate_BLEU_bleu": 0.1824907158448892,
    "generate_BLEU_bleuP": 18.2491,
    "generate_BLEU_brevity_penalty": 1.0,
    "generate_BLEU_length_ratio": 3.102183481487874,
    "generate_BLEU_precisions": "[0.2596987105479128, 0.19847466860359542, 0.1612686033300136, 0.13342536377850714]",
    "generate_BLEU_reference_length": 23174,
    "generate_BLEU_translation_length": 71890,
    "generate_ROUGE_rouge1": 46.8595,
    "generate_ROUGE_rouge2": 33.2226,
    "generate_ROUGE_rougeL": 42.9908,
    "generate_ROUGE_rougeLsum": 46.1933,
    "generate_gen_len": 1024.0,
    "generate_loss": 2.0168240070343018,
    "generate_runtime": 29.6072,
    "generate_samples": 300,
    "generate_samples_per_second": 10.133,
    "generate_steps_per_second": 1.283,
    "peak_memory": 34.60189794921875,
    "predict_BLEU2_bleu": 0.10195575899097196,
    "predict_BLEU2_bleuP": 10.195575899097197,
    "predict_BLEU2_precisions": "[0.1378488032811062, 0.10927470586256156, 0.09080603621719184, 0.0765445764234959]",
    "predict_BLEU_bleu": 0.09423616508078003,
    "predict_BLEU_bleuP": 9.4236,
    "predict_BLEU_brevity_penalty": 1.0,
    "predict_BLEU_length_ratio": 6.309176362321699,
    "predict_BLEU_precisions": "[0.1310506136567273, 0.10228316220051757, 0.08403879517568613, 0.07000795544948289]",
    "predict_BLEU_reference_length": 30426,
    "predict_BLEU_translation_length": 191963,
    "predict_ROUGE_rouge1": 39.0561,
    "predict_ROUGE_rouge2": 28.5664,
    "predict_ROUGE_rougeL": 36.1175,
    "predict_ROUGE_rougeLsum": 38.5769,
    "predict_gen_len": 1024.0,
    "predict_loss": 1.760457158088684,
    "predict_runtime": 31.1658,
    "predict_samples": 300,
    "predict_samples_per_second": 9.626,
    "predict_steps_per_second": 1.219,
    "total_flos": 1.144131716093313e+18,
    "total_gpu_time": 108.33331666666666,
    "train_loss": 1.7610994501950352,
    "train_runtime": 6499.8457,
    "train_samples": 28182,
    "train_samples_per_second": 4.336,
    "train_steps_per_second": 0.542
}