{
    "peak_memory": 34.60189794921875,
    "total_gpu_time": 108.33331666666666
}