{
    "epoch": 3.0,
    "eval_BLEU2_bleu": 0.10597335198076206,
    "eval_BLEU2_bleuP": 10.597335198076205,
    "eval_BLEU2_precisions": "[0.31687465222686323, 0.05440431694556019, 0.012974913689199412, 0.0035927764499193065]",
    "eval_BLEU_bleu": 0.010400057688608185,
    "eval_BLEU_bleuP": 1.04,
    "eval_BLEU_brevity_penalty": 0.43529481409130905,
    "eval_BLEU_length_ratio": 0.5459314680361254,
    "eval_BLEU_precisions": "[0.25940642231592603, 0.044321462945139556, 0.010159480212640284, 0.002789605050653355]",
    "eval_BLEU_reference_length": 45176,
    "eval_BLEU_translation_length": 24663,
    "eval_ROUGE_rouge1": 21.3964,
    "eval_ROUGE_rouge2": 4.858,
    "eval_ROUGE_rougeL": 19.776,
    "eval_ROUGE_rougeLsum": 19.8658,
    "eval_gen_len": 12.363449163449163,
    "eval_loss": 3.3041203022003174,
    "eval_runtime": 313.2877,
    "eval_samples": 3885,
    "eval_samples_per_second": 12.401,
    "eval_steps_per_second": 0.776,
    "predict_BLEU2_bleu": 0.10464523749046362,
    "predict_BLEU2_bleuP": 10.46452374904636,
    "predict_BLEU2_precisions": "[0.35131591800775946, 0.05746782854391333, 0.01301434264059606, 0.0042653027434061625]",
    "predict_BLEU_bleu": 0.009835043678053122,
    "predict_BLEU_bleuP": 0.9835,
    "predict_BLEU_brevity_penalty": 0.35368076311819807,
    "predict_BLEU_length_ratio": 0.4903497762095342,
    "predict_BLEU_precisions": "[0.2833824310619597, 0.04691088654111162, 0.011100113122171946, 0.00405214940098661]",
    "predict_BLEU_reference_length": 42227,
    "predict_BLEU_translation_length": 20706,
    "predict_ROUGE_rouge1": 20.8301,
    "predict_ROUGE_rouge2": 4.4359,
    "predict_ROUGE_rougeL": 19.1293,
    "predict_ROUGE_rougeLsum": 19.2378,
    "predict_gen_len": 12.086295958675175,
    "predict_loss": 3.289109945297241,
    "predict_runtime": 254.8478,
    "predict_samples": 3291,
    "predict_samples_per_second": 12.914,
    "predict_steps_per_second": 0.808,
    "train_loss": 3.7380203038122644,
    "train_runtime": 9405.596,
    "train_samples": 58025,
    "train_samples_per_second": 18.508,
    "train_steps_per_second": 1.157
}