{
    "epoch": 3.0,
    "eval_BLEU2_bleu": 0.1704648152368194,
    "eval_BLEU2_bleuP": 17.04648152368194,
    "eval_BLEU2_precisions": "[0.47399581523482254, 0.1365037742706231, 0.05425602019874378, 0.025430312105603144]",
    "eval_BLEU_bleu": 0.04529706867458763,
    "eval_BLEU_bleuP": 4.5297,
    "eval_BLEU_brevity_penalty": 0.5011175279420543,
    "eval_BLEU_length_ratio": 0.5913959161167749,
    "eval_BLEU_precisions": "[0.4193623576148202, 0.12040772987895519, 0.04988002822865208, 0.026506446802912025]",
    "eval_BLEU_reference_length": 166851,
    "eval_BLEU_translation_length": 98675,
    "eval_ROUGE_rouge1": 35.9157,
    "eval_ROUGE_rouge2": 12.0714,
    "eval_ROUGE_rougeL": 32.9103,
    "eval_ROUGE_rougeLsum": 33.0803,
    "eval_gen_len": 12.018901825499498,
    "eval_loss": 2.4562370777130127,
    "eval_runtime": 2535.0233,
    "eval_samples": 13914,
    "eval_samples_per_second": 5.489,
    "eval_steps_per_second": 0.686,
    "predict_BLEU2_bleu": 0.1757620702141285,
    "predict_BLEU2_bleuP": 17.576207021412852,
    "predict_BLEU2_precisions": "[0.48350479056153867, 0.14248773804408527, 0.056552830044527304, 0.025121879153391764]",
    "predict_BLEU_bleu": 0.04758690171156854,
    "predict_BLEU_bleuP": 4.7587,
    "predict_BLEU_brevity_penalty": 0.5238939939884707,
    "predict_BLEU_length_ratio": 0.6073614946242877,
    "predict_BLEU_precisions": "[0.4331495453666086, 0.12503673893875336, 0.05036440770151202, 0.02495610521112115]",
    "predict_BLEU_reference_length": 170210,
    "predict_BLEU_translation_length": 103379,
    "predict_ROUGE_rouge1": 37.018,
    "predict_ROUGE_rouge2": 12.5773,
    "predict_ROUGE_rougeL": 33.8695,
    "predict_ROUGE_rougeLsum": 33.9924,
    "predict_gen_len": 11.68682128971712,
    "predict_loss": 2.4081637859344482,
    "predict_runtime": 2582.0688,
    "predict_samples": 14918,
    "predict_samples_per_second": 5.778,
    "predict_steps_per_second": 0.722,
    "train_loss": 2.6992278089062203,
    "train_runtime": 101789.3196,
    "train_samples": 251820,
    "train_samples_per_second": 7.422,
    "train_steps_per_second": 0.928
}