{
    "epoch": 1.0,
    "eval_BLEU2_bleu": 0.10169075205007959,
    "eval_BLEU2_bleuP": 10.169075205007958,
    "eval_BLEU2_precisions": "[0.1355922975382361, 0.1084133894532956, 0.09111220026055022, 0.0775315631858235]",
    "eval_BLEU_bleu": 0.09493129618158187,
    "eval_BLEU_bleuP": 9.4931,
    "eval_BLEU_brevity_penalty": 1.0,
    "eval_BLEU_length_ratio": 6.309771895240777,
    "eval_BLEU_precisions": "[0.1305136940448385, 0.1027130916729987, 0.08497590235604828, 0.07129514786532973]",
    "eval_BLEU_reference_length": 10653,
    "eval_BLEU_translation_length": 67218,
    "eval_ROUGE_rouge1": 41.5074,
    "eval_ROUGE_rouge2": 29.7978,
    "eval_ROUGE_rougeL": 38.2079,
    "eval_ROUGE_rougeLsum": 41.2856,
    "eval_gen_len": 1024.0,
    "eval_loss": 1.7281675338745117,
    "eval_runtime": 10.3019,
    "eval_samples": 100,
    "eval_samples_per_second": 9.707,
    "eval_steps_per_second": 1.262,
    "generate_BLEU2_bleu": 0.25693677559496136,
    "generate_BLEU2_bleuP": 25.693677559496138,
    "generate_BLEU2_precisions": "[0.35481975885087735, 0.27627991216960646, 0.2281477239128171, 0.19085700689540513]",
    "generate_BLEU_bleu": 0.20731100124296337,
    "generate_BLEU_bleuP": 20.7311,
    "generate_BLEU_brevity_penalty": 1.0,
    "generate_BLEU_length_ratio": 2.732638888888889,
    "generate_BLEU_precisions": "[0.2964903922502779, 0.22514759853199298, 0.18310084976751642, 0.15111970356049623]",
    "generate_BLEU_reference_length": 2304,
    "generate_BLEU_translation_length": 6296,
    "generate_ROUGE_rouge1": 50.3918,
    "generate_ROUGE_rouge2": 35.6474,
    "generate_ROUGE_rougeL": 45.91,
    "generate_ROUGE_rougeLsum": 49.2742,
    "generate_gen_len": 1024.0,
    "generate_loss": 1.9832382202148438,
    "generate_runtime": 3.6012,
    "generate_samples": 30,
    "generate_samples_per_second": 8.33,
    "generate_steps_per_second": 1.111,
    "peak_memory": 34.60189794921875,
    "predict_BLEU2_bleu": 0.10023777037843898,
    "predict_BLEU2_bleuP": 10.023777037843898,
    "predict_BLEU2_precisions": "[0.13580465804672287, 0.1073976068884219, 0.08954011343900406, 0.07525553561705976]",
    "predict_BLEU_bleu": 0.09744678628209573,
    "predict_BLEU_bleuP": 9.7447,
    "predict_BLEU_brevity_penalty": 1.0,
    "predict_BLEU_length_ratio": 6.104364949130292,
    "predict_BLEU_precisions": "[0.13590667168431805, 0.10543320230466857, 0.08699638638692628, 0.07233536815947275]",
    "predict_BLEU_reference_length": 3047,
    "predict_BLEU_translation_length": 18600,
    "predict_ROUGE_rouge1": 38.5263,
    "predict_ROUGE_rouge2": 28.3178,
    "predict_ROUGE_rougeL": 35.3615,
    "predict_ROUGE_rougeLsum": 38.0458,
    "predict_gen_len": 1024.0,
    "predict_loss": 1.7357715368270874,
    "predict_runtime": 5.0535,
    "predict_samples": 30,
    "predict_samples_per_second": 5.936,
    "predict_steps_per_second": 0.792,
    "total_flos": 4.0597960261632e+16,
    "total_gpu_time": 6.375541145833333,
    "train_loss": 1.7521302719116212,
    "train_runtime": 382.3835,
    "train_samples": 1000,
    "train_samples_per_second": 2.615,
    "train_steps_per_second": 0.327
}