{
    "peak_memory": 34.60189794921875,
    "total_gpu_time": 6.375541145833333
}