{
    "epoch": 6.0,
    "eval_BLEU2_bleu": 0.06176595016392995,
    "eval_BLEU2_bleuP": 6.176595016392995,
    "eval_BLEU2_precisions": "[0.3413573564586018, 0.11612923425650822, 0.053059610321260095, 0.02543550827822089]",
    "eval_BLEU_bleu": 0.057313043585388065,
    "eval_BLEU_bleuP": 5.7313,
    "eval_BLEU_brevity_penalty": 1.0,
    "eval_BLEU_length_ratio": 1.1985031859141122,
    "eval_BLEU_precisions": "[0.2624172956267664, 0.077031029234228, 0.03400684440254923, 0.015696014742313205]",
    "eval_BLEU_reference_length": 1326150,
    "eval_BLEU_translation_length": 1589395,
    "eval_ROUGE_rouge1": 20.1423,
    "eval_ROUGE_rouge2": 5.1938,
    "eval_ROUGE_rougeL": 18.403,
    "eval_ROUGE_rougeLsum": 18.9876,
    "eval_gen_len": 192.9888601408653,
    "eval_loss": 1.3072574138641357,
    "eval_runtime": 2621.2807,
    "eval_samples": 13914,
    "eval_samples_per_second": 5.308,
    "eval_steps_per_second": 0.332,
    "predict_BLEU2_bleu": 0.06504553250412114,
    "predict_BLEU2_bleuP": 6.504553250412114,
    "predict_BLEU2_precisions": "[0.3620270300989169, 0.12688867454158984, 0.05862972127386852, 0.02823408760894668]",
    "predict_BLEU_bleu": 0.06314721750607107,
    "predict_BLEU_bleuP": 6.3147,
    "predict_BLEU_brevity_penalty": 1.0,
    "predict_BLEU_length_ratio": 1.1530183154640599,
    "predict_BLEU_precisions": "[0.27964131005785664, 0.0850440040582318, 0.03793158396036568, 0.0176266941482299]",
    "predict_BLEU_reference_length": 1462753,
    "predict_BLEU_translation_length": 1686581,
    "predict_ROUGE_rouge1": 21.0428,
    "predict_ROUGE_rouge2": 5.5578,
    "predict_ROUGE_rougeL": 19.2015,
    "predict_ROUGE_rougeLsum": 19.9366,
    "predict_gen_len": 189.56777047861644,
    "predict_loss": 1.3045711517333984,
    "predict_runtime": 2815.0023,
    "predict_samples": 14918,
    "predict_samples_per_second": 5.299,
    "predict_steps_per_second": 0.331,
    "train_loss": 0.5489973488389647,
    "train_runtime": 37660.9893,
    "train_samples": 251820,
    "train_samples_per_second": 40.119,
    "train_steps_per_second": 2.507
}