{
    "epoch": 1.0,
    "eval_BLEU2_bleu": 0.31630878906163595,
    "eval_BLEU2_bleuP": 31.630878906163595,
    "eval_BLEU2_precisions": "[0.4597878404194901, 0.3542027003301998, 0.27370902316650136, 0.21973027545996598]",
    "eval_BLEU_bleu": 0.26362525952725846,
    "eval_BLEU_bleuP": 26.3625,
    "eval_BLEU_brevity_penalty": 1.0,
    "eval_BLEU_length_ratio": 2.0901926444833627,
    "eval_BLEU_precisions": "[0.39489112227805695, 0.2968881412952061, 0.22804054054054054, 0.1806615776081425]",
    "eval_BLEU_reference_length": 1142,
    "eval_BLEU_translation_length": 2387,
    "eval_ROUGE_rouge1": 52.4758,
    "eval_ROUGE_rouge2": 34.2846,
    "eval_ROUGE_rougeL": 46.4606,
    "eval_ROUGE_rougeLsum": 51.7527,
    "eval_gen_len": 1024.0,
    "eval_loss": 1.7545020580291748,
    "eval_runtime": 1.3297,
    "eval_samples": 10,
    "eval_samples_per_second": 7.521,
    "eval_steps_per_second": 3.76,
    "peak_memory": 16.7486220703125,
    "predict_BLEU2_bleu": 0.3808883133328477,
    "predict_BLEU2_bleuP": 38.08883133328477,
    "predict_BLEU2_precisions": "[0.5227390251560196, 0.41183803069188235, 0.33917114267134485, 0.28318154405191664]",
    "predict_BLEU_bleu": 0.326493167027549,
    "predict_BLEU_bleuP": 32.6493,
    "predict_BLEU_brevity_penalty": 1.0,
    "predict_BLEU_length_ratio": 1.754654199309241,
    "predict_BLEU_precisions": "[0.46637061929908785, 0.3567052580800772, 0.28851187590887056, 0.2367510959571359]",
    "predict_BLEU_reference_length": 23742,
    "predict_BLEU_translation_length": 41659,
    "predict_ROUGE_rouge1": 58.388,
    "predict_ROUGE_rouge2": 41.0101,
    "predict_ROUGE_rougeL": 53.1392,
    "predict_ROUGE_rougeLsum": 57.7504,
    "predict_gen_len": 1024.0,
    "predict_loss": 1.6837648153305054,
    "predict_runtime": 24.3945,
    "predict_samples": 200,
    "predict_samples_per_second": 8.199,
    "predict_steps_per_second": 4.099,
    "total_flos": 2030026378444800.0,
    "total_gpu_time": 0.4923803059895833,
    "train_loss": 1.7116362142562866,
    "train_runtime": 29.4042,
    "train_samples": 50,
    "train_samples_per_second": 1.7,
    "train_steps_per_second": 0.85
}