{
    "peak_memory": 16.7486220703125,
    "total_gpu_time": 0.4923803059895833
}