{
    "epoch": 1.0,
    "eval_BLEU2_bleu": 0.5644285303579535,
    "eval_BLEU2_bleuP": 56.44285303579535,
    "eval_BLEU2_precisions": "[0.6545814640455455, 0.5865723051749255, 0.5355092895804188, 0.4889852089799041]",
    "eval_BLEU_bleu": 0.09338003720288275,
    "eval_BLEU_bleuP": 9.338,
    "eval_BLEU_brevity_penalty": 1.0,
    "eval_BLEU_length_ratio": 7.873134328358209,
    "eval_BLEU_precisions": "[0.1141579087401889, 0.0986864095193529, 0.08729172265520022, 0.0773178472550476]",
    "eval_BLEU_reference_length": 7638,
    "eval_BLEU_translation_length": 60135,
    "eval_ROUGE_rouge1": 62.0537,
    "eval_ROUGE_rouge2": 52.2101,
    "eval_ROUGE_rougeL": 61.346,
    "eval_ROUGE_rougeLsum": 62.096,
    "eval_gen_len": 749.0,
    "eval_loss": 0.41950109601020813,
    "eval_runtime": 25.6911,
    "eval_samples": 300,
    "eval_samples_per_second": 11.677,
    "eval_steps_per_second": 2.919,
    "generate_BLEU2_bleu": 0.69,
    "generate_BLEU2_bleuP": 69.0,
    "generate_BLEU2_precisions": "[9.338947726975e-312, 9.35161253194e-312, 9.36431174362e-312, 9.37704550246e-312]",
    "generate_BLEU_bleu": -1.0,
    "generate_BLEU_bleuP": -1.0,
    "generate_BLEU_brevity_penalty": -1.0,
    "generate_BLEU_length_ratio": -1.0,
    "generate_BLEU_precisions": -1.0,
    "generate_BLEU_reference_length": -1.0,
    "generate_BLEU_translation_length": -1.0,
    "generate_ROUGE_rouge1": 0.0,
    "generate_ROUGE_rouge2": 0.0,
    "generate_ROUGE_rougeL": 0.0,
    "generate_ROUGE_rougeLsum": 0.0,
    "generate_gen_len": 750.0,
    "generate_loss": 0.43778035044670105,
    "generate_runtime": 25.2863,
    "generate_samples": 300,
    "generate_samples_per_second": 11.864,
    "generate_steps_per_second": 2.966,
    "peak_memory": 22.357986328125,
    "predict_BLEU2_bleu": 0.5334568325453165,
    "predict_BLEU2_bleuP": 53.34568325453165,
    "predict_BLEU2_precisions": "[0.6275027772310765, 0.5577106275006087, 0.5035139406389484, 0.45255399293079657]",
    "predict_BLEU_bleu": 0.07776743937478502,
    "predict_BLEU_bleuP": 7.7767,
    "predict_BLEU_brevity_penalty": 1.0,
    "predict_BLEU_length_ratio": 9.170022062879205,
    "predict_BLEU_precisions": "[0.09774142131063727, 0.08326032446149663, 0.07200084974659343, 0.06242187738178714]",
    "predict_BLEU_reference_length": 7252,
    "predict_BLEU_translation_length": 66501,
    "predict_ROUGE_rouge1": 60.2396,
    "predict_ROUGE_rouge2": 48.9589,
    "predict_ROUGE_rougeL": 59.3889,
    "predict_ROUGE_rougeLsum": 59.8198,
    "predict_gen_len": 749.0,
    "predict_loss": 0.4099155366420746,
    "predict_runtime": 25.8914,
    "predict_samples": 300,
    "predict_samples_per_second": 11.587,
    "predict_steps_per_second": 2.897,
    "total_flos": 8.401983980544e+17,
    "total_gpu_time": 100.437625,
    "train_loss": 0.4367757337593471,
    "train_runtime": 6026.0592,
    "train_samples": 28182,
    "train_samples_per_second": 4.677,
    "train_steps_per_second": 1.169
}