{
    "peak_memory": 22.357986328125,
    "total_gpu_time": 100.437625
}