{
    "epoch": 30.0,
    "eval_BLEU2_bleu": 0.37319082932483155,
    "eval_BLEU2_bleuP": 37.319082932483155,
    "eval_BLEU2_precisions": "[0.7280950725588056, 0.5167670622234001, 0.40648093253015943, 0.3373459417236215]",
    "eval_BLEU_bleu": 0.32200920792698884,
    "eval_BLEU_bleuP": 32.2009,
    "eval_BLEU_brevity_penalty": 0.8059061702282798,
    "eval_BLEU_length_ratio": 0.8225118483412323,
    "eval_BLEU_precisions": "[0.6351721158000864, 0.4325703680791834, 0.33728502254132575, 0.27503628447024675]",
    "eval_BLEU_reference_length": 8440,
    "eval_BLEU_translation_length": 6942,
    "eval_ROUGE_rouge1": 57.2246,
    "eval_ROUGE_rouge2": 35.3174,
    "eval_ROUGE_rougeL": 55.2591,
    "eval_ROUGE_rougeLsum": 55.3746,
    "eval_gen_len": 16.169811320754718,
    "eval_loss": 1.039064884185791,
    "eval_runtime": 47.506,
    "eval_samples": 477,
    "eval_samples_per_second": 10.041,
    "eval_steps_per_second": 1.263,
    "predict_BLEU2_bleu": 0.37319082932483155,
    "predict_BLEU2_bleuP": 37.319082932483155,
    "predict_BLEU2_precisions": "[0.7280950725588056, 0.5167670622234001, 0.40648093253015943, 0.3373459417236215]",
    "predict_BLEU_bleu": 0.32200920792698884,
    "predict_BLEU_bleuP": 32.2009,
    "predict_BLEU_brevity_penalty": 0.8059061702282798,
    "predict_BLEU_length_ratio": 0.8225118483412323,
    "predict_BLEU_precisions": "[0.6351721158000864, 0.4325703680791834, 0.33728502254132575, 0.27503628447024675]",
    "predict_BLEU_reference_length": 8440,
    "predict_BLEU_translation_length": 6942,
    "predict_ROUGE_rouge1": 57.2246,
    "predict_ROUGE_rouge2": 35.3174,
    "predict_ROUGE_rougeL": 55.2591,
    "predict_ROUGE_rougeLsum": 55.3746,
    "predict_gen_len": 16.169811320754718,
    "predict_loss": 1.039064884185791,
    "predict_runtime": 47.4648,
    "predict_samples": 477,
    "predict_samples_per_second": 10.05,
    "predict_steps_per_second": 1.264,
    "train_loss": 0.06878278520372179,
    "train_runtime": 74.6961,
    "train_samples": 2300,
    "train_samples_per_second": 923.743,
    "train_steps_per_second": 57.834
}