{
    "epoch": 3.0,
    "eval_BLEU2_bleu": 0.1595537039375949,
    "eval_BLEU2_bleuP": 15.955370393759491,
    "eval_BLEU2_precisions": "[0.41354145094399297, 0.12773715386510023, 0.050896569314936586, 0.01926330190516279]",
    "eval_BLEU_bleu": 0.03766983995291717,
    "eval_BLEU_bleuP": 3.767,
    "eval_BLEU_brevity_penalty": 0.5226960981204115,
    "eval_BLEU_length_ratio": 0.606518230260685,
    "eval_BLEU_precisions": "[0.36297025371828523, 0.11054486771138573, 0.04225137278828554, 0.015912104565258572]",
    "eval_BLEU_reference_length": 45227,
    "eval_BLEU_translation_length": 27431,
    "eval_ROUGE_rouge1": 34.9332,
    "eval_ROUGE_rouge2": 12.0135,
    "eval_ROUGE_rougeL": 32.0963,
    "eval_ROUGE_rougeLsum": 32.2437,
    "eval_gen_len": 9.382239382239382,
    "eval_loss": 2.890272855758667,
    "eval_runtime": 175.4924,
    "eval_samples": 3885,
    "eval_samples_per_second": 22.138,
    "eval_steps_per_second": 1.385,
    "predict_BLEU2_bleu": 0.1534534825408414,
    "predict_BLEU2_bleuP": 15.34534825408414,
    "predict_BLEU2_precisions": "[0.4299486289775698, 0.1331874175948718, 0.05406743961431316, 0.024625644785025505]",
    "predict_BLEU_bleu": 0.03643658536119976,
    "predict_BLEU_bleuP": 3.6437,
    "predict_BLEU_brevity_penalty": 0.4404908481268659,
    "predict_BLEU_length_ratio": 0.5494911242603551,
    "predict_BLEU_precisions": "[0.3766636516345781, 0.1145237378299709, 0.046937916942123924, 0.023122249571119566]",
    "predict_BLEU_reference_length": 42250,
    "predict_BLEU_translation_length": 23216,
    "predict_ROUGE_rouge1": 33.6542,
    "predict_ROUGE_rouge2": 11.2814,
    "predict_ROUGE_rougeL": 30.7418,
    "predict_ROUGE_rougeLsum": 30.9066,
    "predict_gen_len": 9.321786690975387,
    "predict_loss": 2.9045088291168213,
    "predict_runtime": 143.6919,
    "predict_samples": 3291,
    "predict_samples_per_second": 22.903,
    "predict_steps_per_second": 1.434,
    "train_loss": 3.2896141218422597,
    "train_runtime": 7411.2575,
    "train_samples": 58025,
    "train_samples_per_second": 23.488,
    "train_steps_per_second": 1.468
}