{
    "epoch": 30.0,
    "eval_BLEU2_bleu": 0.25884600707137173,
    "eval_BLEU2_bleuP": 25.884600707137174,
    "eval_BLEU2_precisions": "[0.6593484502951977, 0.4184984025287845, 0.30155356942831574, 0.23381779507780961]",
    "eval_BLEU_bleu": 0.2121111940714765,
    "eval_BLEU_bleuP": 21.2111,
    "eval_BLEU_brevity_penalty": 0.8728990225287003,
    "eval_BLEU_length_ratio": 0.8803317535545023,
    "eval_BLEU_precisions": "[0.4863410039025703, 0.27581248202473396, 0.18789563069322218, 0.13833333333333334]",
    "eval_BLEU_reference_length": 8440,
    "eval_BLEU_translation_length": 7430,
    "eval_ROUGE_rouge1": 47.4108,
    "eval_ROUGE_rouge2": 24.3884,
    "eval_ROUGE_rougeL": 45.5079,
    "eval_ROUGE_rougeLsum": 45.6413,
    "eval_gen_len": 17.763102725366878,
    "eval_loss": 1.6613507270812988,
    "eval_runtime": 59.2176,
    "eval_samples": 477,
    "eval_samples_per_second": 8.055,
    "eval_steps_per_second": 1.013,
    "predict_BLEU2_bleu": 0.25884600707137173,
    "predict_BLEU2_bleuP": 25.884600707137174,
    "predict_BLEU2_precisions": "[0.6593484502951977, 0.4184984025287845, 0.30155356942831574, 0.23381779507780961]",
    "predict_BLEU_bleu": 0.2121111940714765,
    "predict_BLEU_bleuP": 21.2111,
    "predict_BLEU_brevity_penalty": 0.8728990225287003,
    "predict_BLEU_length_ratio": 0.8803317535545023,
    "predict_BLEU_precisions": "[0.4863410039025703, 0.27581248202473396, 0.18789563069322218, 0.13833333333333334]",
    "predict_BLEU_reference_length": 8440,
    "predict_BLEU_translation_length": 7430,
    "predict_ROUGE_rouge1": 47.4108,
    "predict_ROUGE_rouge2": 24.3884,
    "predict_ROUGE_rougeL": 45.5079,
    "predict_ROUGE_rougeLsum": 45.6413,
    "predict_gen_len": 17.763102725366878,
    "predict_loss": 1.6613507270812988,
    "predict_runtime": 59.3695,
    "predict_samples": 477,
    "predict_samples_per_second": 8.034,
    "predict_steps_per_second": 1.011,
    "train_loss": 2.862570133915654,
    "train_runtime": 1171.1103,
    "train_samples": 2300,
    "train_samples_per_second": 58.918,
    "train_steps_per_second": 7.378
}