{
    "epoch": 1.0,
    "eval_BLEU2_bleu": 0.6779417272671165,
    "eval_BLEU2_bleuP": 67.79417272671165,
    "eval_BLEU2_precisions": "[0.8688011472142384, 0.7285496007826118, 0.6328563102895725, 0.5530556088381473]",
    "eval_BLEU_bleu": 0.671290855316413,
    "eval_BLEU_bleuP": 67.1291,
    "eval_BLEU_brevity_penalty": 1.0,
    "eval_BLEU_length_ratio": 1.0034427774153802,
    "eval_BLEU_precisions": "[0.8529225879846151, 0.7130868512551654, 0.6182575660249233, 0.5400344183120224]",
    "eval_BLEU_reference_length": 55188,
    "eval_BLEU_translation_length": 55378,
    "eval_ROUGE_rouge1": 78.7934,
    "eval_ROUGE_rouge2": 58.0965,
    "eval_ROUGE_rougeL": 73.8671,
    "eval_ROUGE_rougeLsum": 78.3448,
    "eval_gen_len": 1024.0,
    "eval_loss": 0.37633708119392395,
    "eval_runtime": 54.3079,
    "eval_samples": 446,
    "eval_samples_per_second": 8.212,
    "eval_steps_per_second": 4.106,
    "peak_memory": 16.7486220703125,
    "predict_BLEU2_bleu": 0.6751514768637422,
    "predict_BLEU2_bleuP": 67.51514768637422,
    "predict_BLEU2_precisions": "[0.8683079540854878, 0.7267888140628876, 0.630319015762801, 0.5502413916260518]",
    "predict_BLEU_bleu": 0.6604552328568544,
    "predict_BLEU_bleuP": 66.0455,
    "predict_BLEU_brevity_penalty": 1.0,
    "predict_BLEU_length_ratio": 1.0065706343189285,
    "predict_BLEU_precisions": "[0.8478597430854847, 0.7022237225199376, 0.6059406783267373, 0.5274046096398987]",
    "predict_BLEU_reference_length": 23742,
    "predict_BLEU_translation_length": 23898,
    "predict_ROUGE_rouge1": 78.8209,
    "predict_ROUGE_rouge2": 57.8245,
    "predict_ROUGE_rougeL": 73.9066,
    "predict_ROUGE_rougeLsum": 78.3892,
    "predict_gen_len": 1024.0,
    "predict_loss": 0.3786245584487915,
    "predict_runtime": 24.3859,
    "predict_samples": 200,
    "predict_samples_per_second": 8.201,
    "predict_steps_per_second": 4.101,
    "total_flos": 1.6246219905638597e+19,
    "total_gpu_time": 1798.6865333333333,
    "train_loss": 0.38300946081590437,
    "train_runtime": 107921.183,
    "train_samples": 400148,
    "train_samples_per_second": 3.708,
    "train_steps_per_second": 1.854
}