{
    "peak_memory": 16.7486220703125,
    "total_gpu_time": 1798.6865333333333
}