{
    "epoch": 3.0,
    "eval_BLEU2_bleu": 0.18914405900899764,
    "eval_BLEU2_bleuP": 18.914405900899762,
    "eval_BLEU2_precisions": "[0.5357285242199099, 0.21005827839933344, 0.10159682862651284, 0.05249859385707909]",
    "eval_BLEU_bleu": 0.06820062576666878,
    "eval_BLEU_bleuP": 6.8201,
    "eval_BLEU_brevity_penalty": 0.476141876348888,
    "eval_BLEU_length_ratio": 0.5740398262440325,
    "eval_BLEU_precisions": "[0.5000998951101343, 0.19323560629966435, 0.09137774183766299, 0.04766763253479166]",
    "eval_BLEU_reference_length": 69753,
    "eval_BLEU_translation_length": 40041,
    "eval_ROUGE_rouge1": 42.08,
    "eval_ROUGE_rouge2": 18.8624,
    "eval_ROUGE_rougeL": 38.9304,
    "eval_ROUGE_rougeLsum": 39.0695,
    "eval_gen_len": 10.056723905074282,
    "eval_loss": 2.4278604984283447,
    "eval_runtime": 231.0928,
    "eval_samples": 5183,
    "eval_samples_per_second": 22.428,
    "eval_steps_per_second": 1.402,
    "predict_BLEU2_bleu": 0.1885857349913602,
    "predict_BLEU2_bleuP": 18.858573499136018,
    "predict_BLEU2_precisions": "[0.5089772547872137, 0.19309111269342755, 0.09244309642855741, 0.04935295547801263]",
    "predict_BLEU_bleu": 0.06744103929017065,
    "predict_BLEU_bleuP": 6.7441,
    "predict_BLEU_brevity_penalty": 0.5101202991782088,
    "predict_BLEU_length_ratio": 0.5976897973205084,
    "predict_BLEU_precisions": "[0.46966413219182185, 0.17381477398015435, 0.08253798208024932, 0.045339702341005095]",
    "predict_BLEU_reference_length": 139728,
    "predict_BLEU_translation_length": 83514,
    "predict_ROUGE_rouge1": 40.9483,
    "predict_ROUGE_rouge2": 17.3999,
    "predict_ROUGE_rougeL": 37.8147,
    "predict_ROUGE_rougeLsum": 38.0584,
    "predict_gen_len": 9.998722044728435,
    "predict_loss": 2.568504571914673,
    "predict_runtime": 484.7727,
    "predict_samples": 10955,
    "predict_samples_per_second": 22.598,
    "predict_steps_per_second": 1.413,
    "train_loss": 2.808423584205431,
    "train_runtime": 18887.8859,
    "train_samples": 164923,
    "train_samples_per_second": 26.195,
    "train_steps_per_second": 1.637
}