{
    "eval_BLEU_bleu": 0.0010669138306917507,
    "eval_BLEU_brevity_penalty": 0.7552990442933248,
    "eval_BLEU_length_ratio": 0.7808586415810155,
    "eval_BLEU_precisions": "[0.048683753904119775, 0.0025162213252950495, 0.0003422403580360669, 9.49680500345955e-05]",
    "eval_BLEU_reference_length": 103326,
    "eval_BLEU_translation_length": 80683,
    "eval_ROUGE_rouge1": 3.5941,
    "eval_ROUGE_rouge2": 0.161,
    "eval_ROUGE_rougeL": 3.1917,
    "eval_ROUGE_rougeLsum": 3.2432,
    "eval_gen_len": 111.25688545688546,
    "eval_loss": 4.978334903717041,
    "eval_runtime": 5513.5552,
    "eval_samples": 3885,
    "eval_samples_per_second": 0.705,
    "eval_steps_per_second": 0.176,
    "predict_BLEU_bleu": 0.007804391948881747,
    "predict_BLEU_brevity_penalty": 0.682006527968806,
    "predict_BLEU_length_ratio": 0.7232142857142857,
    "predict_BLEU_precisions": "[0.06134969325153374, 0.006329113924050633, 0.006535947712418301, 0.006756756756756757]",
    "predict_BLEU_reference_length": 224,
    "predict_BLEU_translation_length": 162,
    "predict_ROUGE_rouge1": 9.8101,
    "predict_ROUGE_rouge2": 0.0,
    "predict_ROUGE_rougeL": 9.2467,
    "predict_ROUGE_rougeLsum": 9.2467,
    "predict_gen_len": 112.4,
    "predict_loss": 3.8442320823669434,
    "predict_runtime": 12.2298,
    "predict_samples": 5,
    "predict_samples_per_second": 0.409,
    "predict_steps_per_second": 0.164
}