{
    "epoch": 1.0,
    "eval_BLEU2_bleu": 0.4843153353237705,
    "eval_BLEU2_bleuP": 48.43153353237705,
    "eval_BLEU2_precisions": "[0.5705954340192009, 0.5045092917170868, 0.4581957113413694, 0.4147178826587309]",
    "eval_BLEU_bleu": 0.0854155272237909,
    "eval_BLEU_bleuP": 8.5416,
    "eval_BLEU_brevity_penalty": 1.0,
    "eval_BLEU_length_ratio": 8.48586017282011,
    "eval_BLEU_precisions": "[0.10589977783263392, 0.0904271808543617, 0.07949732153980317, 0.06991989486200638]",
    "eval_BLEU_reference_length": 7638,
    "eval_BLEU_translation_length": 64815,
    "eval_ROUGE_rouge1": 64.2001,
    "eval_ROUGE_rouge2": 51.9785,
    "eval_ROUGE_rougeL": 63.0343,
    "eval_ROUGE_rougeLsum": 64.1422,
    "eval_gen_len": 748.14,
    "eval_loss": 0.45323312282562256,
    "eval_runtime": 173.8997,
    "eval_samples": 300,
    "eval_samples_per_second": 1.725,
    "eval_steps_per_second": 0.431,
    "generate_BLEU2_bleu": 0.5733333333333334,
    "generate_BLEU2_bleuP": 57.333333333333336,
    "generate_BLEU2_precisions": "[1.592941060631e-311, 1.595650866261e-311, 1.59837002384e-311, 1.601098582501e-311]",
    "generate_BLEU_bleu": -1.0,
    "generate_BLEU_bleuP": -1.0,
    "generate_BLEU_brevity_penalty": -1.0,
    "generate_BLEU_length_ratio": -1.0,
    "generate_BLEU_precisions": -1.0,
    "generate_BLEU_reference_length": -1.0,
    "generate_BLEU_translation_length": -1.0,
    "generate_ROUGE_rouge1": 0.0,
    "generate_ROUGE_rouge2": 0.0,
    "generate_ROUGE_rougeL": 0.0,
    "generate_ROUGE_rougeLsum": 0.0,
    "generate_gen_len": 750.0,
    "generate_loss": 0.4739363193511963,
    "generate_runtime": 173.6283,
    "generate_samples": 300,
    "generate_samples_per_second": 1.728,
    "generate_steps_per_second": 0.432,
    "peak_memory": 28.72203759765625,
    "predict_BLEU2_bleu": 0.4381469821996136,
    "predict_BLEU2_bleuP": 43.814698219961365,
    "predict_BLEU2_precisions": "[0.5217941110540354, 0.4578810822085947, 0.4122086457755628, 0.36574803294571795]",
    "predict_BLEU_bleu": 0.06999815479354747,
    "predict_BLEU_bleuP": 6.9998,
    "predict_BLEU_brevity_penalty": 1.0,
    "predict_BLEU_length_ratio": 10.121897407611693,
    "predict_BLEU_precisions": "[0.08863156460731558, 0.07501538882429383, 0.06461094705033994, 0.05588580097924281]",
    "predict_BLEU_reference_length": 7252,
    "predict_BLEU_translation_length": 73404,
    "predict_ROUGE_rouge1": 61.0906,
    "predict_ROUGE_rouge2": 47.4721,
    "predict_ROUGE_rougeL": 60.0633,
    "predict_ROUGE_rougeLsum": 60.7711,
    "predict_gen_len": 748.0733333333334,
    "predict_loss": 0.44512939453125,
    "predict_runtime": 174.099,
    "predict_samples": 300,
    "predict_samples_per_second": 1.723,
    "predict_steps_per_second": 0.431,
    "total_flos": 8.38031250051072e+17,
    "total_gpu_time": 624.7098666666667,
    "train_loss": 0.5272359726207688,
    "train_runtime": 37482.4691,
    "train_samples": 28182,
    "train_samples_per_second": 0.752,
    "train_steps_per_second": 0.188
}