{
    "peak_memory": 28.72203759765625,
    "total_gpu_time": 624.7098666666667
}