{
    "epoch": 3.0,
    "eval_BLEU_bleu": 0.14284139390699235,
    "eval_BLEU_bleuP": 14.2841,
    "eval_BLEU_brevity_penalty": 0.3387919923621781,
    "eval_BLEU_length_ratio": 0.4802222964120137,
    "eval_BLEU_precisions": "[0.5137171827143167, 0.42269578603040214, 0.39440299045997085, 0.3689704290353826]",
    "eval_BLEU_reference_length": 635008,
    "eval_BLEU_translation_length": 304945,
    "eval_ROUGE_rouge1": 41.7341,
    "eval_ROUGE_rouge2": 33.579,
    "eval_ROUGE_rougeL": 39.374,
    "eval_ROUGE_rougeLsum": 40.4077,
    "eval_gen_len": 30.950769009630587,
    "eval_loss": 0.5715029239654541,
    "eval_runtime": 451.3565,
    "eval_samples": 13914,
    "eval_samples_per_second": 30.827,
    "eval_steps_per_second": 1.928,
    "predict_BLEU_bleu": -1.0,
    "predict_BLEU_brevity_penalty": -1.0,
    "predict_BLEU_length_ratio": -1.0,
    "predict_BLEU_precisions": -1.0,
    "predict_BLEU_reference_length": -1.0,
    "predict_BLEU_translation_length": -1.0,
    "predict_ROUGE_rouge1": 41.6944,
    "predict_ROUGE_rouge2": 33.4615,
    "predict_ROUGE_rougeL": 39.3507,
    "predict_ROUGE_rougeLsum": 40.2424,
    "predict_gen_len": 30.962126290387452,
    "predict_loss": 0.578488826751709,
    "predict_runtime": 474.8204,
    "predict_samples": 14918,
    "predict_samples_per_second": 31.418,
    "predict_steps_per_second": 1.965,
    "train_loss": 1.7353662760416666,
    "train_runtime": 1670.8883,
    "train_samples": 10000,
    "train_samples_per_second": 17.955,
    "train_steps_per_second": 1.122
}