{
    "epoch": 3.0,
    "eval_BLEU2_bleu": 0.24062728565996944,
    "eval_BLEU2_bleuP": 24.062728565996945,
    "eval_BLEU2_precisions": "[0.5121930025158832, 0.19479130632458383, 0.08980653797323038, 0.04215575545493895]",
    "eval_BLEU_bleu": 0.08186379082656843,
    "eval_BLEU_bleuP": 8.1864,
    "eval_BLEU_brevity_penalty": 0.6453897683787966,
    "eval_BLEU_length_ratio": 0.6954582425943904,
    "eval_BLEU_precisions": "[0.4684415045460833, 0.1729413709665299, 0.07897389940629551, 0.04046143250688705]",
    "eval_BLEU_reference_length": 114339,
    "eval_BLEU_translation_length": 79518,
    "eval_ROUGE_rouge1": 46.2295,
    "eval_ROUGE_rouge2": 19.1006,
    "eval_ROUGE_rougeL": 43.5518,
    "eval_ROUGE_rougeLsum": 43.6199,
    "eval_gen_len": 8.305345863503312,
    "eval_loss": 2.371295690536499,
    "eval_runtime": 491.5077,
    "eval_samples": 12982,
    "eval_samples_per_second": 26.413,
    "eval_steps_per_second": 1.652,
    "predict_BLEU2_bleu": 0.24399771223568775,
    "predict_BLEU2_bleuP": 24.399771223568774,
    "predict_BLEU2_precisions": "[0.5356296859128832, 0.20827923389306136, 0.09919024591083662, 0.04501794874725516]",
    "predict_BLEU_bleu": 0.08258438986735231,
    "predict_BLEU_bleuP": 8.2584,
    "predict_BLEU_brevity_penalty": 0.6196244013615214,
    "predict_BLEU_length_ratio": 0.676296319766797,
    "predict_BLEU_precisions": "[0.48825224296657216, 0.1853735777142537, 0.08487194239587147, 0.041079163210763985]",
    "predict_BLEU_reference_length": 126242,
    "predict_BLEU_translation_length": 85377,
    "predict_ROUGE_rouge1": 46.9915,
    "predict_ROUGE_rouge2": 19.7119,
    "predict_ROUGE_rougeL": 44.27,
    "predict_ROUGE_rougeLsum": 44.3403,
    "predict_gen_len": 8.23861852433281,
    "predict_loss": 2.3309712409973145,
    "predict_runtime": 525.3696,
    "predict_samples": 14014,
    "predict_samples_per_second": 26.675,
    "predict_steps_per_second": 1.667,
    "train_loss": 2.928520283933269,
    "train_runtime": 30344.204,
    "train_samples": 241241,
    "train_samples_per_second": 23.85,
    "train_steps_per_second": 1.491
}