{
    "epoch": 1.0,
    "eval_BLEU2_bleu": 0.7193033876377605,
    "eval_BLEU2_bleuP": 71.93033876377605,
    "eval_BLEU2_precisions": "[0.8767545689978713, 0.7575182740449807, 0.6798306089720545, 0.6132857361512869]",
    "eval_BLEU_bleu": 0.7142255096366179,
    "eval_BLEU_bleuP": 71.4226,
    "eval_BLEU_brevity_penalty": 1.0,
    "eval_BLEU_length_ratio": 1.007075107362437,
    "eval_BLEU_precisions": "[0.86621468233273, 0.7466328141932688, 0.6685939306810014, 0.6017919676941036]",
    "eval_BLEU_reference_length": 32367,
    "eval_BLEU_translation_length": 32596,
    "eval_ROUGE_rouge1": 80.5094,
    "eval_ROUGE_rouge2": 62.1256,
    "eval_ROUGE_rougeL": 77.1399,
    "eval_ROUGE_rougeLsum": 80.1753,
    "eval_gen_len": 1024.0,
    "eval_loss": 0.29380345344543457,
    "eval_runtime": 33.1083,
    "eval_samples": 300,
    "eval_samples_per_second": 9.061,
    "eval_steps_per_second": 2.265,
    "generate_BLEU2_bleu": 0.7068015477212242,
    "generate_BLEU2_bleuP": 70.68015477212242,
    "generate_BLEU2_precisions": "[0.8636213614528964, 0.7426749620154699, 0.6668218944755636, 0.5994401582269989]",
    "generate_BLEU_bleu": 0.6925217257975541,
    "generate_BLEU_bleuP": 69.2522,
    "generate_BLEU_brevity_penalty": 1.0,
    "generate_BLEU_length_ratio": 1.0185552774661257,
    "generate_BLEU_precisions": "[0.8452022876509214, 0.7241364514052778, 0.6477722234296892, 0.580136533803127]",
    "generate_BLEU_reference_length": 23174,
    "generate_BLEU_translation_length": 23604,
    "generate_ROUGE_rouge1": 78.3434,
    "generate_ROUGE_rouge2": 59.4132,
    "generate_ROUGE_rougeL": 75.0703,
    "generate_ROUGE_rougeLsum": 77.9271,
    "generate_gen_len": 1024.0,
    "generate_loss": 0.2793021500110626,
    "generate_runtime": 32.6749,
    "generate_samples": 300,
    "generate_samples_per_second": 9.181,
    "generate_steps_per_second": 2.295,
    "peak_memory": 20.96376513671875,
    "predict_BLEU2_bleu": 0.715880172001947,
    "predict_BLEU2_bleuP": 71.5880172001947,
    "predict_BLEU2_precisions": "[0.8765439236901891, 0.7558980468158422, 0.6754268575295539, 0.6049410229072218]",
    "predict_BLEU_bleu": 0.7036663787979173,
    "predict_BLEU_bleuP": 70.3666,
    "predict_BLEU_brevity_penalty": 1.0,
    "predict_BLEU_length_ratio": 1.0116676526654835,
    "predict_BLEU_precisions": "[0.8606328373724904, 0.7388622793779935, 0.6574117023391426, 0.5864734622849876]",
    "predict_BLEU_reference_length": 30426,
    "predict_BLEU_translation_length": 30781,
    "predict_ROUGE_rouge1": 80.9768,
    "predict_ROUGE_rouge2": 62.8207,
    "predict_ROUGE_rougeL": 77.5008,
    "predict_ROUGE_rougeLsum": 80.6171,
    "predict_gen_len": 1024.0,
    "predict_loss": 0.2844633460044861,
    "predict_runtime": 33.0772,
    "predict_samples": 300,
    "predict_samples_per_second": 9.07,
    "predict_steps_per_second": 2.267,
    "total_flos": 1.146968609101185e+18,
    "total_gpu_time": 124.47498333333333,
    "train_loss": 0.34182391029983766,
    "train_runtime": 7468.3892,
    "train_samples": 28182,
    "train_samples_per_second": 3.774,
    "train_steps_per_second": 0.943
}