{
    "peak_memory": 20.96376513671875,
    "total_gpu_time": 124.47498333333333
}