{
    "epoch": 27.78,
    "eval_BLEU2_bleu": 0.37210231469267097,
    "eval_BLEU2_bleuP": 37.2102314692671,
    "eval_BLEU2_precisions": "[0.7200233938344891, 0.5122006530209078, 0.4033428211615763, 0.33506512162733876]",
    "eval_BLEU_bleu": 0.3229626255198351,
    "eval_BLEU_bleuP": 32.2963,
    "eval_BLEU_brevity_penalty": 0.823285442419845,
    "eval_BLEU_length_ratio": 0.8372037914691943,
    "eval_BLEU_precisions": "[0.6255836988821282, 0.4242792109256449, 0.33060690332079173, 0.2698722498225692]",
    "eval_BLEU_reference_length": 8440,
    "eval_BLEU_translation_length": 7066,
    "eval_ROUGE_rouge1": 57.2293,
    "eval_ROUGE_rouge2": 35.1756,
    "eval_ROUGE_rougeL": 55.0965,
    "eval_ROUGE_rougeLsum": 55.2532,
    "eval_gen_len": 16.48637316561845,
    "eval_loss": 1.0399073362350464,
    "eval_runtime": 49.8699,
    "eval_samples": 477,
    "eval_samples_per_second": 9.565,
    "eval_steps_per_second": 1.203,
    "predict_BLEU2_bleu": 0.37210231469267097,
    "predict_BLEU2_bleuP": 37.2102314692671,
    "predict_BLEU2_precisions": "[0.7200233938344891, 0.5122006530209078, 0.4033428211615763, 0.33506512162733876]",
    "predict_BLEU_bleu": 0.3229626255198351,
    "predict_BLEU_bleuP": 32.2963,
    "predict_BLEU_brevity_penalty": 0.823285442419845,
    "predict_BLEU_length_ratio": 0.8372037914691943,
    "predict_BLEU_precisions": "[0.6255836988821282, 0.4242792109256449, 0.33060690332079173, 0.2698722498225692]",
    "predict_BLEU_reference_length": 8440,
    "predict_BLEU_translation_length": 7066,
    "predict_ROUGE_rouge1": 57.2293,
    "predict_ROUGE_rouge2": 35.1756,
    "predict_ROUGE_rougeL": 55.0965,
    "predict_ROUGE_rougeLsum": 55.2532,
    "predict_gen_len": 16.48637316561845,
    "predict_loss": 1.0399073362350464,
    "predict_runtime": 48.2071,
    "predict_samples": 477,
    "predict_samples_per_second": 9.895,
    "predict_steps_per_second": 1.245,
    "train_loss": 0.0,
    "train_runtime": 0.011,
    "train_samples": 2300,
    "train_samples_per_second": 1044217.527,
    "train_steps_per_second": 65377.097
}