{
    "epoch": 30.0,
    "eval_BLEU2_bleu": 0.35353697241188575,
    "eval_BLEU2_bleuP": 35.35369724118858,
    "eval_BLEU2_precisions": "[0.7160199931772138, 0.4965480835417395, 0.38451155163130635, 0.31742092683656986]",
    "eval_BLEU_bleu": 0.31044846408392607,
    "eval_BLEU_bleuP": 31.0448,
    "eval_BLEU_brevity_penalty": 0.8068937769024669,
    "eval_BLEU_length_ratio": 0.8233412322274881,
    "eval_BLEU_precisions": "[0.6253237410071942, 0.4168082805499768, 0.32154769846564374, 0.26146040949447363]",
    "eval_BLEU_reference_length": 8440,
    "eval_BLEU_translation_length": 6949,
    "eval_ROUGE_rouge1": 55.758,
    "eval_ROUGE_rouge2": 33.309,
    "eval_ROUGE_rougeL": 53.8684,
    "eval_ROUGE_rougeLsum": 53.9582,
    "eval_gen_len": 16.035639412997902,
    "eval_loss": 1.0457713603973389,
    "eval_runtime": 20.7415,
    "eval_samples": 477,
    "eval_samples_per_second": 22.997,
    "eval_steps_per_second": 1.446,
    "predict_BLEU2_bleu": 0.35353697241188575,
    "predict_BLEU2_bleuP": 35.35369724118858,
    "predict_BLEU2_precisions": "[0.7160199931772138, 0.4965480835417395, 0.38451155163130635, 0.31742092683656986]",
    "predict_BLEU_bleu": 0.31044846408392607,
    "predict_BLEU_bleuP": 31.0448,
    "predict_BLEU_brevity_penalty": 0.8068937769024669,
    "predict_BLEU_length_ratio": 0.8233412322274881,
    "predict_BLEU_precisions": "[0.6253237410071942, 0.4168082805499768, 0.32154769846564374, 0.26146040949447363]",
    "predict_BLEU_reference_length": 8440,
    "predict_BLEU_translation_length": 6949,
    "predict_ROUGE_rouge1": 55.758,
    "predict_ROUGE_rouge2": 33.309,
    "predict_ROUGE_rougeL": 53.8684,
    "predict_ROUGE_rougeLsum": 53.9582,
    "predict_gen_len": 16.035639412997902,
    "predict_loss": 1.0457713603973389,
    "predict_runtime": 20.7834,
    "predict_samples": 477,
    "predict_samples_per_second": 22.951,
    "predict_steps_per_second": 1.443,
    "train_loss": 1.3007319344414605,
    "train_runtime": 745.793,
    "train_samples": 2300,
    "train_samples_per_second": 92.519,
    "train_steps_per_second": 5.792
}