{
    "epoch": 1.0,
    "eval_BLEU2_bleu": 0.7087447836795093,
    "eval_BLEU2_bleuP": 70.87447836795093,
    "eval_BLEU2_precisions": "[0.8731754794365274, 0.7504247951095614, 0.66953987313378, 0.6008692928799945]",
    "eval_BLEU_bleu": 0.7048161000716826,
    "eval_BLEU_bleuP": 70.4816,
    "eval_BLEU_brevity_penalty": 1.0,
    "eval_BLEU_length_ratio": 1.0046343498007229,
    "eval_BLEU_precisions": "[0.8618303708715173, 0.7381898317710597, 0.6577166489128391, 0.5897589980390917]",
    "eval_BLEU_reference_length": 32367,
    "eval_BLEU_translation_length": 32517,
    "eval_ROUGE_rouge1": 79.8907,
    "eval_ROUGE_rouge2": 61.4114,
    "eval_ROUGE_rougeL": 76.3273,
    "eval_ROUGE_rougeLsum": 79.5347,
    "eval_gen_len": 1024.0,
    "eval_loss": 0.3163076341152191,
    "eval_runtime": 35.5268,
    "eval_samples": 300,
    "eval_samples_per_second": 8.444,
    "eval_steps_per_second": 4.222,
    "generate_BLEU2_bleu": 0.6996040538228726,
    "generate_BLEU2_bleuP": 69.96040538228726,
    "generate_BLEU2_precisions": "[0.8634569359810841, 0.739432726638195, 0.6603956741097309, 0.5910487798078825]",
    "generate_BLEU_bleu": 0.6871719021588978,
    "generate_BLEU_bleuP": 68.7172,
    "generate_BLEU_brevity_penalty": 1.0,
    "generate_BLEU_length_ratio": 1.0111763182877362,
    "generate_BLEU_precisions": "[0.8445421182896646, 0.7202818362583211, 0.6411491635280722, 0.5717138546196858]",
    "generate_BLEU_reference_length": 23174,
    "generate_BLEU_translation_length": 23433,
    "generate_ROUGE_rouge1": 78.0501,
    "generate_ROUGE_rouge2": 58.9182,
    "generate_ROUGE_rougeL": 74.6408,
    "generate_ROUGE_rougeLsum": 77.6071,
    "generate_gen_len": 1024.0,
    "generate_loss": 0.2986782193183899,
    "generate_runtime": 35.139,
    "generate_samples": 300,
    "generate_samples_per_second": 8.538,
    "generate_steps_per_second": 4.269,
    "peak_memory": 16.7486220703125,
    "predict_BLEU2_bleu": 0.7111390174972613,
    "predict_BLEU2_bleuP": 71.11390174972612,
    "predict_BLEU2_precisions": "[0.876817186202988, 0.7539141174961318, 0.6718858341363408, 0.6005879917555337]",
    "predict_BLEU_bleu": 0.7005514379841802,
    "predict_BLEU_bleuP": 70.0551,
    "predict_BLEU_brevity_penalty": 1.0,
    "predict_BLEU_length_ratio": 1.0052257937290476,
    "predict_BLEU_precisions": "[0.8615706532400444, 0.7366770124810144, 0.6531381311278597, 0.5810146196860473]",
    "predict_BLEU_reference_length": 30426,
    "predict_BLEU_translation_length": 30585,
    "predict_ROUGE_rouge1": 80.6904,
    "predict_ROUGE_rouge2": 62.4206,
    "predict_ROUGE_rougeL": 77.2419,
    "predict_ROUGE_rougeLsum": 80.3212,
    "predict_gen_len": 1024.0,
    "predict_loss": 0.3060212731361389,
    "predict_runtime": 35.5202,
    "predict_samples": 300,
    "predict_samples_per_second": 8.446,
    "predict_steps_per_second": 4.223,
    "total_flos": 1.1442040679466271e+18,
    "total_gpu_time": 133.23625,
    "train_loss": 0.34228160225484683,
    "train_runtime": 7994.0117,
    "train_samples": 28182,
    "train_samples_per_second": 3.525,
    "train_steps_per_second": 1.763
}