{
    "peak_memory": 14.76477294921875,
    "total_gpu_time": 0.8370489583333334
}