{
    "epoch": 3.0,
    "eval_BLEU_bleu": 0.01463618415524424,
    "eval_BLEU_bleuP": 1.4636,
    "eval_BLEU_brevity_penalty": 0.8548426013081452,
    "eval_BLEU_length_ratio": 0.8644253300745818,
    "eval_BLEU_precisions": "[0.16414473564357518, 0.02337535139661463, 0.007968486774192311, 0.0028106441815132143]",
    "eval_BLEU_reference_length": 635008,
    "eval_BLEU_translation_length": 548917,
    "eval_ROUGE_rouge1": 14.5874,
    "eval_ROUGE_rouge2": 2.3125,
    "eval_ROUGE_rougeL": 12.0711,
    "eval_ROUGE_rougeLsum": 12.7274,
    "eval_gen_len": 57.75456374874227,
    "eval_loss": 6.060297012329102,
    "eval_runtime": 6327.1726,
    "eval_samples": 13914,
    "eval_samples_per_second": 2.199,
    "eval_steps_per_second": 0.275,
    "predict_BLEU_bleu": 0.015351901318008293,
    "predict_BLEU_bleuP": 1.5352,
    "predict_BLEU_brevity_penalty": 0.9061662047107114,
    "predict_BLEU_length_ratio": 0.9103053053130115,
    "predict_BLEU_precisions": "[0.1623877123338413, 0.023575485104603527, 0.00805826885234224, 0.0026703099937266006]",
    "predict_BLEU_reference_length": 649481,
    "predict_BLEU_translation_length": 591226,
    "predict_ROUGE_rouge1": 14.5899,
    "predict_ROUGE_rouge2": 2.3608,
    "predict_ROUGE_rougeL": 12.13,
    "predict_ROUGE_rougeLsum": 12.7142,
    "predict_gen_len": 57.78341600750771,
    "predict_loss": 5.998408794403076,
    "predict_runtime": 6614.9727,
    "predict_samples": 14918,
    "predict_samples_per_second": 2.255,
    "predict_steps_per_second": 0.282,
    "train_loss": 0.4493568259313383,
    "train_runtime": 5548.7384,
    "train_samples": 251820,
    "train_samples_per_second": 136.15,
    "train_steps_per_second": 17.019
}