{
    "epoch": 3.0,
    "eval_BLEU2_bleu": 0.1439464529544253,
    "eval_BLEU2_bleuP": 14.39464529544253,
    "eval_BLEU2_precisions": "[0.3729001540303669, 0.10125522230011412, 0.0364145178430893, 0.013433835576692728]",
    "eval_BLEU_bleu": 0.03149251207246016,
    "eval_BLEU_bleuP": 3.1493,
    "eval_BLEU_brevity_penalty": 0.5779986838102997,
    "eval_BLEU_length_ratio": 0.6459181866477776,
    "eval_BLEU_precisions": "[0.3226414447757102, 0.0838472485768501, 0.028863668207930505, 0.011286553041099014]",
    "eval_BLEU_reference_length": 45176,
    "eval_BLEU_translation_length": 29180,
    "eval_ROUGE_rouge1": 31.87,
    "eval_ROUGE_rouge2": 9.5628,
    "eval_ROUGE_rougeL": 28.9676,
    "eval_ROUGE_rougeLsum": 29.1286,
    "eval_gen_len": 12.56036036036036,
    "eval_loss": 2.750667095184326,
    "eval_runtime": 164.7461,
    "eval_samples": 3885,
    "eval_samples_per_second": 23.582,
    "eval_steps_per_second": 1.475,
    "predict_BLEU2_bleu": 0.1397840652379303,
    "predict_BLEU2_bleuP": 13.97840652379303,
    "predict_BLEU2_precisions": "[0.3962022086037058, 0.10748701232589263, 0.038522277378248225, 0.0159937592708787]",
    "predict_BLEU_bleu": 0.029004998044787966,
    "predict_BLEU_bleuP": 2.9005,
    "predict_BLEU_brevity_penalty": 0.465449072970202,
    "predict_BLEU_length_ratio": 0.5666516683638431,
    "predict_BLEU_precisions": "[0.3488236031593464, 0.09119100688051168, 0.03210929843777022, 0.014764338444065871]",
    "predict_BLEU_reference_length": 42227,
    "predict_BLEU_translation_length": 23928,
    "predict_ROUGE_rouge1": 31.0386,
    "predict_ROUGE_rouge2": 9.2148,
    "predict_ROUGE_rougeL": 28.1254,
    "predict_ROUGE_rougeLsum": 28.2774,
    "predict_gen_len": 12.102400486174416,
    "predict_loss": 2.731679916381836,
    "predict_runtime": 125.9616,
    "predict_samples": 3291,
    "predict_samples_per_second": 26.127,
    "predict_steps_per_second": 1.635,
    "train_loss": 2.9368237387705634,
    "train_runtime": 9233.2583,
    "train_samples": 58025,
    "train_samples_per_second": 18.853,
    "train_steps_per_second": 1.178
}