{
    "epoch": 10.0,
    "eval_BLEU2_bleu": 0.2626334836089335,
    "eval_BLEU2_bleuP": 26.263348360893353,
    "eval_BLEU2_precisions": "[0.6908049037395343, 0.4339355793150329, 0.3157541767192473, 0.24417610281533347]",
    "eval_BLEU_bleu": 0.21138065980680007,
    "eval_BLEU_bleuP": 21.1381,
    "eval_BLEU_brevity_penalty": 0.7872795155296839,
    "eval_BLEU_length_ratio": 0.8069905213270142,
    "eval_BLEU_precisions": "[0.511303581914269, 0.2978689818468824, 0.21112817887011434, 0.1616199145457923]",
    "eval_BLEU_reference_length": 8440,
    "eval_BLEU_translation_length": 6811,
    "eval_ROUGE_rouge1": 47.6319,
    "eval_ROUGE_rouge2": 25.1821,
    "eval_ROUGE_rougeL": 45.7204,
    "eval_ROUGE_rougeLsum": 45.8146,
    "eval_gen_len": 16.61635220125786,
    "eval_loss": 1.5178784132003784,
    "eval_runtime": 75.1672,
    "eval_samples": 477,
    "eval_samples_per_second": 6.346,
    "eval_steps_per_second": 0.798,
    "predict_BLEU2_bleu": 0.2626334836089335,
    "predict_BLEU2_bleuP": 26.263348360893353,
    "predict_BLEU2_precisions": "[0.6908049037395343, 0.4339355793150329, 0.3157541767192473, 0.24417610281533347]",
    "predict_BLEU_bleu": 0.21138065980680007,
    "predict_BLEU_bleuP": 21.1381,
    "predict_BLEU_brevity_penalty": 0.7872795155296839,
    "predict_BLEU_length_ratio": 0.8069905213270142,
    "predict_BLEU_precisions": "[0.511303581914269, 0.2978689818468824, 0.21112817887011434, 0.1616199145457923]",
    "predict_BLEU_reference_length": 8440,
    "predict_BLEU_translation_length": 6811,
    "predict_ROUGE_rouge1": 47.6319,
    "predict_ROUGE_rouge2": 25.1821,
    "predict_ROUGE_rougeL": 45.7204,
    "predict_ROUGE_rougeLsum": 45.8146,
    "predict_gen_len": 16.61635220125786,
    "predict_loss": 1.5178784132003784,
    "predict_runtime": 75.3185,
    "predict_samples": 477,
    "predict_samples_per_second": 6.333,
    "predict_steps_per_second": 0.797,
    "train_loss": 2.6834050920274524,
    "train_runtime": 813.02,
    "train_samples": 2300,
    "train_samples_per_second": 28.29,
    "train_steps_per_second": 3.542
}