{
    "epoch": 3.0,
    "eval_BLEU_bleu": 0.0015028129574521656,
    "eval_BLEU_bleuP": 0.1503,
    "eval_BLEU_brevity_penalty": 0.0241680485863752,
    "eval_BLEU_length_ratio": 0.21174221427131626,
    "eval_BLEU_precisions": "[0.398946890873798, 0.09628529714304675, 0.03232274021885774, 0.012041210560206054]",
    "eval_BLEU_reference_length": 635008,
    "eval_BLEU_translation_length": 134458,
    "eval_ROUGE_rouge1": 22.6678,
    "eval_ROUGE_rouge2": 6.1069,
    "eval_ROUGE_rougeL": 20.3081,
    "eval_ROUGE_rougeLsum": 20.8456,
    "eval_gen_len": 16.64776484116717,
    "eval_loss": 2.9727530479431152,
    "eval_runtime": 1409.8272,
    "eval_samples": 13914,
    "eval_samples_per_second": 9.869,
    "eval_steps_per_second": 0.617,
    "predict_BLEU_bleu": 0.0018019582514265486,
    "predict_BLEU_bleuP": 0.1802,
    "predict_BLEU_brevity_penalty": 0.02711983332306027,
    "predict_BLEU_length_ratio": 0.21703791180958334,
    "predict_BLEU_precisions": "[0.39860105133971324, 0.09927727665786071, 0.035263758890117694, 0.013967347445527346]",
    "predict_BLEU_reference_length": 649481,
    "predict_BLEU_translation_length": 140962,
    "predict_ROUGE_rouge1": 23.4912,
    "predict_ROUGE_rouge2": 6.3277,
    "predict_ROUGE_rougeL": 20.9914,
    "predict_ROUGE_rougeLsum": 21.5079,
    "predict_gen_len": 16.047861643651963,
    "predict_loss": 2.9552183151245117,
    "predict_runtime": 1464.1429,
    "predict_samples": 14918,
    "predict_samples_per_second": 10.189,
    "predict_steps_per_second": 0.637,
    "train_loss": 3.4114661719759303,
    "train_runtime": 39230.6588,
    "train_samples": 251820,
    "train_samples_per_second": 19.257,
    "train_steps_per_second": 1.204
}