{
    "epoch": 30.0,
    "eval_BLEU2_bleu": 0.4121000832900273,
    "eval_BLEU2_bleuP": 41.210008329002726,
    "eval_BLEU2_precisions": "[0.7253249582872604, 0.5277187381660536, 0.4124814321813442, 0.34336451170262733]",
    "eval_BLEU_bleu": 0.3832607107256717,
    "eval_BLEU_bleuP": 38.3261,
    "eval_BLEU_brevity_penalty": 0.870093082517335,
    "eval_BLEU_length_ratio": 0.8778436018957346,
    "eval_BLEU_precisions": "[0.6747638326585695, 0.4754074715130535, 0.3756195786864932, 0.3124268272286336]",
    "eval_BLEU_reference_length": 8440,
    "eval_BLEU_translation_length": 7409,
    "eval_ROUGE_rouge1": 58.6829,
    "eval_ROUGE_rouge2": 36.9559,
    "eval_ROUGE_rougeL": 56.9603,
    "eval_ROUGE_rougeLsum": 57.1223,
    "eval_gen_len": 17.0167714884696,
    "eval_loss": 1.6039787530899048,
    "eval_runtime": 55.0786,
    "eval_samples": 477,
    "eval_samples_per_second": 8.66,
    "eval_steps_per_second": 1.089,
    "predict_BLEU2_bleu": 0.4121000832900273,
    "predict_BLEU2_bleuP": 41.210008329002726,
    "predict_BLEU2_precisions": "[0.7253249582872604, 0.5277187381660536, 0.4124814321813442, 0.34336451170262733]",
    "predict_BLEU_bleu": 0.3832607107256717,
    "predict_BLEU_bleuP": 38.3261,
    "predict_BLEU_brevity_penalty": 0.870093082517335,
    "predict_BLEU_length_ratio": 0.8778436018957346,
    "predict_BLEU_precisions": "[0.6747638326585695, 0.4754074715130535, 0.3756195786864932, 0.3124268272286336]",
    "predict_BLEU_reference_length": 8440,
    "predict_BLEU_translation_length": 7409,
    "predict_ROUGE_rouge1": 58.6829,
    "predict_ROUGE_rouge2": 36.9559,
    "predict_ROUGE_rougeL": 56.9603,
    "predict_ROUGE_rougeLsum": 57.1223,
    "predict_gen_len": 17.0167714884696,
    "predict_loss": 1.6039787530899048,
    "predict_runtime": 54.9738,
    "predict_samples": 477,
    "predict_samples_per_second": 8.677,
    "predict_steps_per_second": 1.091,
    "train_loss": 0.2151007092109433,
    "train_runtime": 3437.8595,
    "train_samples": 2300,
    "train_samples_per_second": 20.071,
    "train_steps_per_second": 2.513
}