{
    "epoch": 30.0,
    "eval_BLEU2_bleu": 0.2306571610590349,
    "eval_BLEU2_bleuP": 23.06571610590349,
    "eval_BLEU2_precisions": "[0.6306902529583063, 0.35130881476510406, 0.23397016889086672, 0.16783452906809573]",
    "eval_BLEU_bleu": 0.1577239324328636,
    "eval_BLEU_bleuP": 15.7724,
    "eval_BLEU_brevity_penalty": 0.5679871034817213,
    "eval_BLEU_length_ratio": 0.6387096774193548,
    "eval_BLEU_precisions": "[0.5801980198019802, 0.29870981849989064, 0.21044921875, 0.16302846090080134]",
    "eval_BLEU_reference_length": 7905,
    "eval_BLEU_translation_length": 5049,
    "eval_ROUGE_rouge1": 43.3146,
    "eval_ROUGE_rouge2": 16.7054,
    "eval_ROUGE_rougeL": 40.0255,
    "eval_ROUGE_rougeLsum": 40.0994,
    "eval_gen_len": 18.57651991614256,
    "eval_loss": 1.7673442363739014,
    "eval_runtime": 7.471,
    "eval_samples": 477,
    "eval_samples_per_second": 63.847,
    "eval_steps_per_second": 1.071,
    "predict_BLEU2_bleu": 0.2306571610590349,
    "predict_BLEU2_bleuP": 23.06571610590349,
    "predict_BLEU2_precisions": "[0.6306902529583063, 0.35130881476510406, 0.23397016889086672, 0.16783452906809573]",
    "predict_BLEU_bleu": 0.1577239324328636,
    "predict_BLEU_bleuP": 15.7724,
    "predict_BLEU_brevity_penalty": 0.5679871034817213,
    "predict_BLEU_length_ratio": 0.6387096774193548,
    "predict_BLEU_precisions": "[0.5801980198019802, 0.29870981849989064, 0.21044921875, 0.16302846090080134]",
    "predict_BLEU_reference_length": 7905,
    "predict_BLEU_translation_length": 5049,
    "predict_ROUGE_rouge1": 43.3146,
    "predict_ROUGE_rouge2": 16.7054,
    "predict_ROUGE_rougeL": 40.0255,
    "predict_ROUGE_rougeLsum": 40.0994,
    "predict_gen_len": 18.57651991614256,
    "predict_loss": 1.7673442363739014,
    "predict_runtime": 7.449,
    "predict_samples": 477,
    "predict_samples_per_second": 64.036,
    "predict_steps_per_second": 1.074,
    "train_loss": 2.6083624380606194,
    "train_runtime": 414.7284,
    "train_samples": 2300,
    "train_samples_per_second": 166.374,
    "train_steps_per_second": 2.604
}