{
    "epoch": 1.0,
    "eval_BLEU2_bleu": 0.5654438821282269,
    "eval_BLEU2_bleuP": 56.544388212822696,
    "eval_BLEU2_precisions": "[0.6579318027167875, 0.5872043638523289, 0.5355452799754202, 0.48909803390822865]",
    "eval_BLEU_bleu": 0.13331609242940856,
    "eval_BLEU_bleuP": 13.3316,
    "eval_BLEU_brevity_penalty": 1.0,
    "eval_BLEU_length_ratio": 5.503534956794972,
    "eval_BLEU_precisions": "[0.16302305112163096, 0.14081031219301818, 0.12455052247990926, 0.11048447869314729]",
    "eval_BLEU_reference_length": 7638,
    "eval_BLEU_translation_length": 42036,
    "eval_ROUGE_rouge1": 62.4485,
    "eval_ROUGE_rouge2": 52.3344,
    "eval_ROUGE_rougeL": 61.6269,
    "eval_ROUGE_rougeLsum": 62.6946,
    "eval_gen_len": 511.0,
    "eval_loss": 0.427708238363266,
    "eval_runtime": 18.6625,
    "eval_samples": 300,
    "eval_samples_per_second": 16.075,
    "eval_steps_per_second": 4.019,
    "generate_BLEU2_bleu": 0.6866666666666666,
    "generate_BLEU2_bleuP": 68.66666666666667,
    "generate_BLEU2_precisions": "[2.03872847851e-311, 2.045252151407e-311, 2.051822888377e-311, 2.058441281584e-311]",
    "generate_BLEU_bleu": -1.0,
    "generate_BLEU_bleuP": -1.0,
    "generate_BLEU_brevity_penalty": -1.0,
    "generate_BLEU_length_ratio": -1.0,
    "generate_BLEU_precisions": -1.0,
    "generate_BLEU_reference_length": -1.0,
    "generate_BLEU_translation_length": -1.0,
    "generate_ROUGE_rouge1": 0.0,
    "generate_ROUGE_rouge2": 0.0,
    "generate_ROUGE_rougeL": 0.0,
    "generate_ROUGE_rougeLsum": 0.0,
    "generate_gen_len": 512.0,
    "generate_loss": 0.44585028290748596,
    "generate_runtime": 18.1052,
    "generate_samples": 300,
    "generate_samples_per_second": 16.57,
    "generate_steps_per_second": 4.142,
    "peak_memory": 16.44224560546875,
    "predict_BLEU2_bleu": 0.5336615814914614,
    "predict_BLEU2_bleuP": 53.36615814914614,
    "predict_BLEU2_precisions": "[0.6287408134661425, 0.5599471466702061, 0.5064998686318974, 0.4529048284623325]",
    "predict_BLEU_bleu": 0.11147757497151406,
    "predict_BLEU_bleuP": 11.1478,
    "predict_BLEU_brevity_penalty": 1.0,
    "predict_BLEU_length_ratio": 6.404026475455047,
    "predict_BLEU_precisions": "[0.1396335292724415, 0.11932470797304033, 0.10328730667713719, 0.08973936719144544]",
    "predict_BLEU_reference_length": 7252,
    "predict_BLEU_translation_length": 46442,
    "predict_ROUGE_rouge1": 60.2437,
    "predict_ROUGE_rouge2": 49.72,
    "predict_ROUGE_rougeL": 59.6883,
    "predict_ROUGE_rougeLsum": 59.8351,
    "predict_gen_len": 511.0,
    "predict_loss": 0.4181611239910126,
    "predict_runtime": 18.6871,
    "predict_samples": 300,
    "predict_samples_per_second": 16.054,
    "predict_steps_per_second": 4.013,
    "total_flos": 5.728066417333371e+17,
    "total_gpu_time": 70.093975,
    "train_loss": 0.4484888705346451,
    "train_runtime": 4205.4424,
    "train_samples": 28182,
    "train_samples_per_second": 6.701,
    "train_steps_per_second": 1.675
}