{
    "peak_memory": 16.44224560546875,
    "total_gpu_time": 70.093975
}