{
    "eval_BLEU2_bleu": 0.10169075205007959,
    "eval_BLEU2_bleuP": 10.169075205007958,
    "eval_BLEU2_precisions": "[0.1355922975382361, 0.1084133894532956, 0.09111220026055022, 0.0775315631858235]",
    "eval_BLEU_bleu": 0.09493129618158187,
    "eval_BLEU_bleuP": 9.4931,
    "eval_BLEU_brevity_penalty": 1.0,
    "eval_BLEU_length_ratio": 6.309771895240777,
    "eval_BLEU_precisions": "[0.1305136940448385, 0.1027130916729987, 0.08497590235604828, 0.07129514786532973]",
    "eval_BLEU_reference_length": 10653,
    "eval_BLEU_translation_length": 67218,
    "eval_ROUGE_rouge1": 41.5074,
    "eval_ROUGE_rouge2": 29.7978,
    "eval_ROUGE_rougeL": 38.2079,
    "eval_ROUGE_rougeLsum": 41.2856,
    "eval_gen_len": 1024.0,
    "eval_loss": 1.7281657457351685,
    "eval_runtime": 10.6562,
    "eval_samples": 100,
    "eval_samples_per_second": 9.384,
    "eval_steps_per_second": 1.22,
    "generate_BLEU2_bleu": 0.22651633999335488,
    "generate_BLEU2_bleuP": 22.651633999335488,
    "generate_BLEU2_precisions": "[0.3101533849516962, 0.24290914058538457, 0.2006556455212368, 0.16880596909393528]",
    "generate_BLEU_bleu": 0.1824907158448892,
    "generate_BLEU_bleuP": 18.2491,
    "generate_BLEU_brevity_penalty": 1.0,
    "generate_BLEU_length_ratio": 3.102183481487874,
    "generate_BLEU_precisions": "[0.2596987105479128, 0.19847466860359542, 0.1612686033300136, 0.13342536377850714]",
    "generate_BLEU_reference_length": 23174,
    "generate_BLEU_translation_length": 71890,
    "generate_ROUGE_rouge1": 46.8595,
    "generate_ROUGE_rouge2": 33.2226,
    "generate_ROUGE_rougeL": 42.9908,
    "generate_ROUGE_rougeLsum": 46.1933,
    "generate_gen_len": 1024.0,
    "generate_loss": 2.0168213844299316,
    "generate_runtime": 30.7379,
    "generate_samples": 300,
    "generate_samples_per_second": 9.76,
    "generate_steps_per_second": 1.236,
    "predict_BLEU2_bleu": 0.10195575899097196,
    "predict_BLEU2_bleuP": 10.195575899097197,
    "predict_BLEU2_precisions": "[0.1378488032811062, 0.10927470586256156, 0.09080603621719184, 0.0765445764234959]",
    "predict_BLEU_bleu": 0.09423616508078003,
    "predict_BLEU_bleuP": 9.4236,
    "predict_BLEU_brevity_penalty": 1.0,
    "predict_BLEU_length_ratio": 6.309176362321699,
    "predict_BLEU_precisions": "[0.1310506136567273, 0.10228316220051757, 0.08403879517568613, 0.07000795544948289]",
    "predict_BLEU_reference_length": 30426,
    "predict_BLEU_translation_length": 191963,
    "predict_ROUGE_rouge1": 39.0561,
    "predict_ROUGE_rouge2": 28.5664,
    "predict_ROUGE_rougeL": 36.1175,
    "predict_ROUGE_rougeLsum": 38.5769,
    "predict_gen_len": 1024.0,
    "predict_loss": 1.7604557275772095,
    "predict_runtime": 31.6357,
    "predict_samples": 300,
    "predict_samples_per_second": 9.483,
    "predict_steps_per_second": 1.201
}