{
    "epoch": 3.0,
    "eval_BLEU2_bleu": 0.14776310654218774,
    "eval_BLEU2_bleuP": 14.776310654218774,
    "eval_BLEU2_precisions": "[0.38577181655087217, 0.11125809033260096, 0.04162884038621764, 0.015834129479449687]",
    "eval_BLEU_bleu": 0.036452931400752724,
    "eval_BLEU_bleuP": 3.6453,
    "eval_BLEU_brevity_penalty": 0.7638473626638529,
    "eval_BLEU_length_ratio": 0.7877816348641299,
    "eval_BLEU_precisions": "[0.27830479932641033, 0.07616947550795401, 0.02666810236531352, 0.009175077154057886]",
    "eval_BLEU_reference_length": 45227,
    "eval_BLEU_translation_length": 35629,
    "eval_ROUGE_rouge1": 33.2552,
    "eval_ROUGE_rouge2": 10.9603,
    "eval_ROUGE_rougeL": 30.3982,
    "eval_ROUGE_rougeLsum": 30.6037,
    "eval_gen_len": 12.311969111969113,
    "eval_loss": 3.1134755611419678,
    "eval_runtime": 293.2149,
    "eval_samples": 3885,
    "eval_samples_per_second": 13.25,
    "eval_steps_per_second": 0.829,
    "predict_BLEU2_bleu": 0.1436397821608506,
    "predict_BLEU2_bleuP": 14.36397821608506,
    "predict_BLEU2_precisions": "[0.4021946756890845, 0.1213705629083519, 0.04895718462519708, 0.020372360772625987]",
    "predict_BLEU_bleu": 0.036311364213790345,
    "predict_BLEU_bleuP": 3.6311,
    "predict_BLEU_brevity_penalty": 0.68201259018782,
    "predict_BLEU_length_ratio": 0.7232189349112426,
    "predict_BLEU_precisions": "[0.28419020191772754, 0.07947627081346732, 0.029691409507923268, 0.011981833993622572]",
    "predict_BLEU_reference_length": 42250,
    "predict_BLEU_translation_length": 30556,
    "predict_ROUGE_rouge1": 32.239,
    "predict_ROUGE_rouge2": 10.6903,
    "predict_ROUGE_rougeL": 29.4852,
    "predict_ROUGE_rougeLsum": 29.6659,
    "predict_gen_len": 12.518079611060468,
    "predict_loss": 3.139977216720581,
    "predict_runtime": 258.4988,
    "predict_samples": 3291,
    "predict_samples_per_second": 12.731,
    "predict_steps_per_second": 0.797,
    "train_loss": 4.5269385766330075,
    "train_runtime": 9789.2129,
    "train_samples": 58025,
    "train_samples_per_second": 17.782,
    "train_steps_per_second": 1.112
}