{
    "epoch": 1.0,
    "eval_BLEU2_bleu": 0.5490331718729092,
    "eval_BLEU2_bleuP": 54.903317187290924,
    "eval_BLEU2_precisions": "[0.6449616633767913, 0.57021707799222, 0.5162687812747381, 0.4686691427278907]",
    "eval_BLEU_bleu": 0.22041265373604735,
    "eval_BLEU_bleuP": 22.0413,
    "eval_BLEU_brevity_penalty": 1.0,
    "eval_BLEU_length_ratio": 3.323121235925635,
    "eval_BLEU_precisions": "[0.2694716936532325, 0.23266754375473428, 0.20590727514828713, 0.18282073275333904]",
    "eval_BLEU_reference_length": 7638,
    "eval_BLEU_translation_length": 25382,
    "eval_ROUGE_rouge1": 68.2434,
    "eval_ROUGE_rouge2": 55.6717,
    "eval_ROUGE_rougeL": 67.0447,
    "eval_ROUGE_rougeLsum": 68.1855,
    "eval_gen_len": 1024.0,
    "eval_loss": 0.4291236400604248,
    "eval_runtime": 30.4024,
    "eval_samples": 300,
    "eval_samples_per_second": 9.868,
    "eval_steps_per_second": 2.467,
    "generate_BLEU2_bleu": 0.6466666666666666,
    "generate_BLEU2_bleuP": 64.66666666666666,
    "generate_BLEU2_precisions": "[8.918841564451e-311, 9.038162555293e-311, 9.1610916975193e-311, 9.287809203524e-311]",
    "generate_BLEU_bleu": -1.0,
    "generate_BLEU_bleuP": -1.0,
    "generate_BLEU_brevity_penalty": -1.0,
    "generate_BLEU_length_ratio": -1.0,
    "generate_BLEU_precisions": -1.0,
    "generate_BLEU_reference_length": -1.0,
    "generate_BLEU_translation_length": -1.0,
    "generate_ROUGE_rouge1": 0.0,
    "generate_ROUGE_rouge2": 0.0,
    "generate_ROUGE_rougeL": 0.0,
    "generate_ROUGE_rougeLsum": 0.0,
    "generate_gen_len": 1024.0,
    "generate_loss": 0.4447786509990692,
    "generate_runtime": 30.0672,
    "generate_samples": 300,
    "generate_samples_per_second": 9.978,
    "generate_steps_per_second": 2.494,
    "peak_memory": 29.2469345703125,
    "predict_BLEU2_bleu": 0.5362510509860842,
    "predict_BLEU2_bleuP": 53.625105098608415,
    "predict_BLEU2_precisions": "[0.6307663547776163, 0.5624844448233426, 0.5080922867203177, 0.45355307139279566]",
    "predict_BLEU_bleu": 0.19004879363020685,
    "predict_BLEU_bleuP": 19.0049,
    "predict_BLEU_brevity_penalty": 1.0,
    "predict_BLEU_length_ratio": 3.796745725317154,
    "predict_BLEU_precisions": "[0.23631741420010896, 0.20293739673214614, 0.17649897902357528, 0.15412051811526187]",
    "predict_BLEU_reference_length": 7252,
    "predict_BLEU_translation_length": 27534,
    "predict_ROUGE_rouge1": 69.5009,
    "predict_ROUGE_rouge2": 56.978,
    "predict_ROUGE_rougeL": 68.4662,
    "predict_ROUGE_rougeLsum": 69.2762,
    "predict_gen_len": 1024.0,
    "predict_loss": 0.4181651175022125,
    "predict_runtime": 30.4257,
    "predict_samples": 300,
    "predict_samples_per_second": 9.86,
    "predict_steps_per_second": 2.465,
    "total_flos": 1.1442040679466271e+18,
    "total_gpu_time": 115.3638,
    "train_loss": 0.45672427460851567,
    "train_runtime": 6921.715,
    "train_samples": 28182,
    "train_samples_per_second": 4.072,
    "train_steps_per_second": 1.018
}