{
    "peak_memory": 9.73668212890625,
    "total_gpu_time": 20.445172916666667
}