{
    "epoch": 30.0,
    "eval_BLEU2_bleu": 0.4158630445597133,
    "eval_BLEU2_bleuP": 41.58630445597133,
    "eval_BLEU2_precisions": "[0.716396242058639, 0.5231520060893001, 0.41149461801647663, 0.3419142359222982]",
    "eval_BLEU_bleu": 0.3859800509693946,
    "eval_BLEU_bleuP": 38.598,
    "eval_BLEU_brevity_penalty": 0.8770825559235591,
    "eval_BLEU_length_ratio": 0.884052800570817,
    "eval_BLEU_precisions": "[0.6700739744451917, 0.4742742167289451, 0.3771022990279278, 0.31295802798134575]",
    "eval_BLEU_reference_length": 8409,
    "eval_BLEU_translation_length": 7434,
    "eval_ROUGE_rouge1": 58.8395,
    "eval_ROUGE_rouge2": 36.823,
    "eval_ROUGE_rougeL": 57.0052,
    "eval_ROUGE_rougeLsum": 57.1065,
    "eval_gen_len": 16.89727463312369,
    "eval_loss": 1.3877828121185303,
    "eval_runtime": 9.757,
    "eval_samples": 477,
    "eval_samples_per_second": 48.888,
    "eval_steps_per_second": 2.05,
    "predict_BLEU2_bleu": 0.4158630445597133,
    "predict_BLEU2_bleuP": 41.58630445597133,
    "predict_BLEU2_precisions": "[0.716396242058639, 0.5231520060893001, 0.41149461801647663, 0.3419142359222982]",
    "predict_BLEU_bleu": 0.3859800509693946,
    "predict_BLEU_bleuP": 38.598,
    "predict_BLEU_brevity_penalty": 0.8770825559235591,
    "predict_BLEU_length_ratio": 0.884052800570817,
    "predict_BLEU_precisions": "[0.6700739744451917, 0.4742742167289451, 0.3771022990279278, 0.31295802798134575]",
    "predict_BLEU_reference_length": 8409,
    "predict_BLEU_translation_length": 7434,
    "predict_ROUGE_rouge1": 58.8395,
    "predict_ROUGE_rouge2": 36.823,
    "predict_ROUGE_rougeL": 57.0052,
    "predict_ROUGE_rougeLsum": 57.1065,
    "predict_gen_len": 16.89727463312369,
    "predict_loss": 1.3877828121185303,
    "predict_runtime": 9.446,
    "predict_samples": 477,
    "predict_samples_per_second": 50.497,
    "predict_steps_per_second": 2.117,
    "train_loss": 0.5244385924604203,
    "train_runtime": 671.569,
    "train_samples": 2300,
    "train_samples_per_second": 102.744,
    "train_steps_per_second": 4.288
}