{
    "epoch": 1.0,
    "eval_BLEU2_bleu": 0.43001143586403884,
    "eval_BLEU2_bleuP": 43.001143586403884,
    "eval_BLEU2_precisions": "[0.5821400269149865, 0.46195813456569823, 0.38441947612181365, 0.3239114449890477]",
    "eval_BLEU_bleu": 0.2942107711437657,
    "eval_BLEU_bleuP": 29.4211,
    "eval_BLEU_brevity_penalty": 1.0,
    "eval_BLEU_length_ratio": 2.0562282924997652,
    "eval_BLEU_precisions": "[0.40112298000547797, 0.31794001650921766, 0.2641205196719801, 0.2224382116078867]",
    "eval_BLEU_reference_length": 10653,
    "eval_BLEU_translation_length": 21905,
    "eval_ROUGE_rouge1": 53.9193,
    "eval_ROUGE_rouge2": 38.1013,
    "eval_ROUGE_rougeL": 49.5047,
    "eval_ROUGE_rougeLsum": 53.4592,
    "eval_gen_len": 1015.81,
    "eval_loss": 1.6779431104660034,
    "eval_runtime": 15.5424,
    "eval_samples": 100,
    "eval_samples_per_second": 6.434,
    "eval_steps_per_second": 1.609,
    "peak_memory": 37.95176513671875,
    "predict_BLEU2_bleu": 0.4339407902729541,
    "predict_BLEU2_bleuP": 43.39407902729541,
    "predict_BLEU2_precisions": "[0.5923704194733886, 0.4663419122383695, 0.3868801309155599, 0.32502001505199]",
    "predict_BLEU_bleu": 0.34670454008481744,
    "predict_BLEU_bleuP": 34.6705,
    "predict_BLEU_brevity_penalty": 1.0,
    "predict_BLEU_length_ratio": 1.7158669738555545,
    "predict_BLEU_precisions": "[0.4800642148277875, 0.3756312389900176, 0.3096869462492617, 0.2587344028520499]",
    "predict_BLEU_reference_length": 19966,
    "predict_BLEU_translation_length": 34259,
    "predict_ROUGE_rouge1": 56.3269,
    "predict_ROUGE_rouge2": 40.2384,
    "predict_ROUGE_rougeL": 51.7509,
    "predict_ROUGE_rougeLsum": 55.7189,
    "predict_gen_len": 1015.805,
    "predict_loss": 1.7191413640975952,
    "predict_runtime": 30.1633,
    "predict_samples": 200,
    "predict_samples_per_second": 6.631,
    "predict_steps_per_second": 1.658,
    "total_gpu_time": 5.230671875,
    "train_loss": 1.695618143081665,
    "train_runtime": 313.7404,
    "train_samples": 200,
    "train_samples_per_second": 0.637,
    "train_steps_per_second": 0.159
}