{
    "peak_memory": 37.95176513671875,
    "total_gpu_time": 5.230671875
}