{
    "epoch": 3.0,
    "eval_BLEU2_bleu": 0.1584125056880663,
    "eval_BLEU2_bleuP": 15.84125056880663,
    "eval_BLEU2_precisions": "[0.4114956714848666, 0.12619068913728024, 0.04891880499023351, 0.018713358901328844]",
    "eval_BLEU_bleu": 0.03687813605331864,
    "eval_BLEU_bleuP": 3.6878,
    "eval_BLEU_brevity_penalty": 0.49800913778237993,
    "eval_BLEU_length_ratio": 0.589227673734716,
    "eval_BLEU_precisions": "[0.3706191369606004, 0.11328794201625302, 0.04330812754481519, 0.01653657891255457]",
    "eval_BLEU_reference_length": 45227,
    "eval_BLEU_translation_length": 26649,
    "eval_ROUGE_rouge1": 34.7567,
    "eval_ROUGE_rouge2": 11.9567,
    "eval_ROUGE_rougeL": 31.9845,
    "eval_ROUGE_rougeLsum": 32.1361,
    "eval_gen_len": 9.137451737451737,
    "eval_loss": 2.9350881576538086,
    "eval_runtime": 174.4594,
    "eval_samples": 3885,
    "eval_samples_per_second": 22.269,
    "eval_steps_per_second": 1.393,
    "predict_BLEU2_bleu": 0.15164006548791373,
    "predict_BLEU2_bleuP": 15.164006548791372,
    "predict_BLEU2_precisions": "[0.43312497745666334, 0.13066009492072347, 0.05048802062247822, 0.021479993944370484]",
    "predict_BLEU_bleu": 0.033018365876917255,
    "predict_BLEU_bleuP": 3.3018,
    "predict_BLEU_brevity_penalty": 0.4146994872583122,
    "predict_BLEU_length_ratio": 0.5318579881656805,
    "predict_BLEU_precisions": "[0.3830989676041296, 0.11438402585892289, 0.044863336475023566, 0.020441858636685274]",
    "predict_BLEU_reference_length": 42250,
    "predict_BLEU_translation_length": 22471,
    "predict_ROUGE_rouge1": 33.2853,
    "predict_ROUGE_rouge2": 10.9517,
    "predict_ROUGE_rougeL": 30.4597,
    "predict_ROUGE_rougeLsum": 30.6251,
    "predict_gen_len": 9.091765420844728,
    "predict_loss": 2.960747003555298,
    "predict_runtime": 147.9134,
    "predict_samples": 3291,
    "predict_samples_per_second": 22.25,
    "predict_steps_per_second": 1.393,
    "train_loss": 3.5143695414455243,
    "train_runtime": 7549.812,
    "train_samples": 58025,
    "train_samples_per_second": 23.057,
    "train_steps_per_second": 1.441
}