{
    "epoch": 3.0,
    "eval_BLEU2_bleu": 0.20253753350203027,
    "eval_BLEU2_bleuP": 20.253753350203027,
    "eval_BLEU2_precisions": "[0.5310623063242544, 0.22250647409627136, 0.11727576170290907, 0.06856740845807403]",
    "eval_BLEU_bleu": 0.08952454073569766,
    "eval_BLEU_bleuP": 8.9525,
    "eval_BLEU_brevity_penalty": 0.5676893503819641,
    "eval_BLEU_length_ratio": 0.6384958353045748,
    "eval_BLEU_precisions": "[0.48859400960977145, 0.20116884766865709, 0.10324242069530609, 0.06094784768211921]",
    "eval_BLEU_reference_length": 69753,
    "eval_BLEU_translation_length": 44537,
    "eval_ROUGE_rouge1": 43.2104,
    "eval_ROUGE_rouge2": 20.3038,
    "eval_ROUGE_rougeL": 39.9018,
    "eval_ROUGE_rougeLsum": 40.1876,
    "eval_gen_len": 10.960254678757476,
    "eval_loss": 2.3483753204345703,
    "eval_runtime": 175.3365,
    "eval_samples": 5183,
    "eval_samples_per_second": 29.56,
    "eval_steps_per_second": 1.848,
    "predict_BLEU2_bleu": 0.19921868055878808,
    "predict_BLEU2_bleuP": 19.921868055878807,
    "predict_BLEU2_precisions": "[0.5114509314259535, 0.21018288638725047, 0.11192441646734526, 0.06817141105596751]",
    "predict_BLEU_bleu": 0.08463218423425764,
    "predict_BLEU_bleuP": 8.4632,
    "predict_BLEU_brevity_penalty": 0.5838511047687055,
    "predict_BLEU_length_ratio": 0.650148860643536,
    "predict_BLEU_precisions": "[0.4648136936540261, 0.18369007385154587, 0.09381301225792413, 0.05511960402186848]",
    "predict_BLEU_reference_length": 139728,
    "predict_BLEU_translation_length": 90844,
    "predict_ROUGE_rouge1": 42.197,
    "predict_ROUGE_rouge2": 18.8733,
    "predict_ROUGE_rougeL": 38.9941,
    "predict_ROUGE_rougeLsum": 39.2403,
    "predict_gen_len": 10.673117298037425,
    "predict_loss": 2.486077308654785,
    "predict_runtime": 366.2807,
    "predict_samples": 10955,
    "predict_samples_per_second": 29.909,
    "predict_steps_per_second": 1.87,
    "train_loss": 2.250158434033841,
    "train_runtime": 23676.4749,
    "train_samples": 164923,
    "train_samples_per_second": 20.897,
    "train_steps_per_second": 1.306
}