{
    "peak_memory": 37.95176513671875,
    "total_gpu_time": 3.68766796875
}