{
    "epoch": 6.0,
    "eval_BLEU2_bleu": 0.19303340670217728,
    "eval_BLEU2_bleuP": 19.30334067021773,
    "eval_BLEU2_precisions": "[0.5787665003241126, 0.3176580175290286, 0.21307655853029242, 0.15958215660235228]",
    "eval_BLEU_bleu": 0.1536149066647165,
    "eval_BLEU_bleuP": 15.3615,
    "eval_BLEU_brevity_penalty": 0.8076199712902519,
    "eval_BLEU_length_ratio": 0.8239515031547693,
    "eval_BLEU_precisions": "[0.40909773307311215, 0.20730918499353168, 0.14210618538636763, 0.10860420650095602]",
    "eval_BLEU_reference_length": 8083,
    "eval_BLEU_translation_length": 6660,
    "eval_ROUGE_rouge1": 38.6821,
    "eval_ROUGE_rouge2": 15.5101,
    "eval_ROUGE_rougeL": 36.0225,
    "eval_ROUGE_rougeLsum": 36.0945,
    "eval_gen_len": 23.51153039832285,
    "eval_loss": 2.078052043914795,
    "eval_runtime": 35.1897,
    "eval_samples": 477,
    "eval_samples_per_second": 13.555,
    "eval_steps_per_second": 0.853,
    "predict_BLEU2_bleu": 0.19303340670217728,
    "predict_BLEU2_bleuP": 19.30334067021773,
    "predict_BLEU2_precisions": "[0.5787665003241126, 0.3176580175290286, 0.21307655853029242, 0.15958215660235228]",
    "predict_BLEU_bleu": 0.1536149066647165,
    "predict_BLEU_bleuP": 15.3615,
    "predict_BLEU_brevity_penalty": 0.8076199712902519,
    "predict_BLEU_length_ratio": 0.8239515031547693,
    "predict_BLEU_precisions": "[0.40909773307311215, 0.20730918499353168, 0.14210618538636763, 0.10860420650095602]",
    "predict_BLEU_reference_length": 8083,
    "predict_BLEU_translation_length": 6660,
    "predict_ROUGE_rouge1": 38.6821,
    "predict_ROUGE_rouge2": 15.5101,
    "predict_ROUGE_rougeL": 36.0225,
    "predict_ROUGE_rougeLsum": 36.0945,
    "predict_gen_len": 23.51153039832285,
    "predict_loss": 2.078052043914795,
    "predict_runtime": 35.2198,
    "predict_samples": 477,
    "predict_samples_per_second": 13.544,
    "predict_steps_per_second": 0.852,
    "train_loss": 2.985981746956154,
    "train_runtime": 425.4334,
    "train_samples": 2300,
    "train_samples_per_second": 32.438,
    "train_steps_per_second": 2.031
}