{
    "epoch": 3.0,
    "eval_BLEU2_bleu": 0.20213256126201423,
    "eval_BLEU2_bleuP": 20.213256126201422,
    "eval_BLEU2_precisions": "[0.4566005028604589, 0.1352011030732464, 0.04807848439146632, 0.017762143153069055]",
    "eval_BLEU_bleu": 0.0421128978816684,
    "eval_BLEU_bleuP": 4.2113,
    "eval_BLEU_brevity_penalty": 0.5537741522203568,
    "eval_BLEU_length_ratio": 0.6285361669350886,
    "eval_BLEU_precisions": "[0.40661467762150116, 0.1157683612938317, 0.042074300032683296, 0.016886511823562995]",
    "eval_BLEU_reference_length": 114248,
    "eval_BLEU_translation_length": 71809,
    "eval_ROUGE_rouge1": 39.5965,
    "eval_ROUGE_rouge2": 13.0457,
    "eval_ROUGE_rougeL": 37.3067,
    "eval_ROUGE_rougeLsum": 37.3759,
    "eval_gen_len": 9.321830226467416,
    "eval_loss": 2.6579067707061768,
    "eval_runtime": 565.246,
    "eval_samples": 12982,
    "eval_samples_per_second": 22.967,
    "eval_steps_per_second": 1.437,
    "predict_BLEU2_bleu": 0.20415433435255043,
    "predict_BLEU2_bleuP": 20.415433435255043,
    "predict_BLEU2_precisions": "[0.47938250379075587, 0.14340917316513116, 0.052000558192580495, 0.018857140076991668]",
    "predict_BLEU_bleu": 0.042226288826934334,
    "predict_BLEU_bleuP": 4.2226,
    "predict_BLEU_brevity_penalty": 0.5153256129785115,
    "predict_BLEU_length_ratio": 0.6013387050724868,
    "predict_BLEU_precisions": "[0.426521595779756, 0.12426188665814634, 0.04545074427161733, 0.01871478205015912]",
    "predict_BLEU_reference_length": 126092,
    "predict_BLEU_translation_length": 75824,
    "predict_ROUGE_rouge1": 40.3154,
    "predict_ROUGE_rouge2": 13.2875,
    "predict_ROUGE_rougeL": 37.9738,
    "predict_ROUGE_rougeLsum": 38.0221,
    "predict_gen_len": 9.1426430712145,
    "predict_loss": 2.616865634918213,
    "predict_runtime": 593.4472,
    "predict_samples": 14014,
    "predict_samples_per_second": 23.615,
    "predict_steps_per_second": 1.476,
    "train_loss": 3.063422762399412,
    "train_runtime": 33391.9268,
    "train_samples": 241241,
    "train_samples_per_second": 21.674,
    "train_steps_per_second": 1.355
}