{
    "peak_memory": 37.95176513671875,
    "total_gpu_time": 2093.651066666667
}