{
    "epoch": 3.0,
    "eval_BLEU2_bleu": 0.18554412736249198,
    "eval_BLEU2_bleuP": 18.554412736249198,
    "eval_BLEU2_precisions": "[0.534266833489163, 0.20389198339889783, 0.09814258901219011, 0.05046024461552612]",
    "eval_BLEU_bleu": 0.06558231657844808,
    "eval_BLEU_bleuP": 6.5582,
    "eval_BLEU_brevity_penalty": 0.4883606436165728,
    "eval_BLEU_length_ratio": 0.5825125801040816,
    "eval_BLEU_precisions": "[0.48335097088573326, 0.18169252468265162, 0.08507334478657327, 0.04353025591963645]",
    "eval_BLEU_reference_length": 69753,
    "eval_BLEU_translation_length": 40632,
    "eval_ROUGE_rouge1": 41.434,
    "eval_ROUGE_rouge2": 18.1113,
    "eval_ROUGE_rougeL": 38.2604,
    "eval_ROUGE_rougeLsum": 38.4387,
    "eval_gen_len": 10.209917036465368,
    "eval_loss": 2.473860263824463,
    "eval_runtime": 227.4967,
    "eval_samples": 5183,
    "eval_samples_per_second": 22.783,
    "eval_steps_per_second": 1.424,
    "predict_BLEU2_bleu": 0.18294484247565632,
    "predict_BLEU2_bleuP": 18.29448424756563,
    "predict_BLEU2_precisions": "[0.5044688419902001, 0.18662344491763072, 0.08624825070070842, 0.043622861172703]",
    "predict_BLEU_bleu": 0.060892774648964185,
    "predict_BLEU_bleuP": 6.0893,
    "predict_BLEU_brevity_penalty": 0.5323821663356291,
    "predict_BLEU_length_ratio": 0.6133487919386236,
    "predict_BLEU_precisions": "[0.4458887086799762, 0.1582784823674212, 0.07033576825406779, 0.034478190935755514]",
    "predict_BLEU_reference_length": 139728,
    "predict_BLEU_translation_length": 85702,
    "predict_ROUGE_rouge1": 40.2362,
    "predict_ROUGE_rouge2": 16.7277,
    "predict_ROUGE_rougeL": 37.2291,
    "predict_ROUGE_rougeLsum": 37.4598,
    "predict_gen_len": 10.251392058420812,
    "predict_loss": 2.619654655456543,
    "predict_runtime": 503.3696,
    "predict_samples": 10955,
    "predict_samples_per_second": 21.763,
    "predict_steps_per_second": 1.361,
    "train_loss": 3.1935813468604484,
    "train_runtime": 19878.0071,
    "train_samples": 164923,
    "train_samples_per_second": 24.89,
    "train_steps_per_second": 1.556
}