{
    "epoch": 3.0,
    "eval_BLEU_bleu": 0.006738015105885203,
    "eval_BLEU_bleuP": 0.6738,
    "eval_BLEU_brevity_penalty": 0.6908782796619803,
    "eval_BLEU_length_ratio": 0.7300380467647651,
    "eval_BLEU_precisions": "[0.11793192559660555, 0.011766484976660507, 0.004339226052795829, 0.001502558378184938]",
    "eval_BLEU_reference_length": 635008,
    "eval_BLEU_translation_length": 463580,
    "eval_ROUGE_rouge1": 7.4412,
    "eval_ROUGE_rouge2": 0.6533,
    "eval_ROUGE_rougeL": 6.2362,
    "eval_ROUGE_rougeLsum": 6.6245,
    "eval_gen_len": 62.5408221934742,
    "eval_loss": 7.22982931137085,
    "eval_runtime": 1142.4799,
    "eval_samples": 13914,
    "eval_samples_per_second": 12.179,
    "eval_steps_per_second": 0.762,
    "predict_BLEU_bleu": 0.007169765351215925,
    "predict_BLEU_bleuP": 0.717,
    "predict_BLEU_brevity_penalty": 0.36740551182333414,
    "predict_BLEU_length_ratio": 0.49967793157169393,
    "predict_BLEU_precisions": "[0.16408849716701143, 0.02305528942732639, 0.010300073344175516, 0.0037217574599828734]",
    "predict_BLEU_reference_length": 133512,
    "predict_BLEU_translation_length": 66713,
    "predict_ROUGE_rouge1": 7.905,
    "predict_ROUGE_rouge2": 0.9723,
    "predict_ROUGE_rougeL": 6.5774,
    "predict_ROUGE_rougeLsum": 7.0319,
    "predict_gen_len": 62.143,
    "predict_loss": 9.186568260192871,
    "predict_runtime": 165.5072,
    "predict_samples": 2000,
    "predict_samples_per_second": 12.084,
    "predict_steps_per_second": 0.755,
    "train_loss": 2.3342731638300296,
    "train_runtime": 44328.7638,
    "train_samples": 251820,
    "train_samples_per_second": 17.042,
    "train_steps_per_second": 1.065
}