{
    "epoch": 3.0,
    "eval_BLEU_bleu": 0.05851716147780731,
    "eval_BLEU_bleuP": 5.8517,
    "eval_BLEU_brevity_penalty": 0.49361381088150824,
    "eval_BLEU_length_ratio": 0.5861658435799234,
    "eval_BLEU_precisions": "[0.41333508856297735, 0.15114413059192258, 0.07536738551596577, 0.04194756780963677]",
    "eval_BLEU_reference_length": 635008,
    "eval_BLEU_translation_length": 372220,
    "eval_ROUGE_rouge1": 33.3306,
    "eval_ROUGE_rouge2": 11.2882,
    "eval_ROUGE_rougeL": 28.4784,
    "eval_ROUGE_rougeLsum": 30.4919,
    "eval_gen_len": 38.93078913324709,
    "eval_loss": 2.251859426498413,
    "eval_runtime": 1120.237,
    "eval_samples": 13914,
    "eval_samples_per_second": 12.421,
    "eval_steps_per_second": 0.777,
    "predict_BLEU_bleu": 0.0638467508961497,
    "predict_BLEU_bleuP": 6.3847,
    "predict_BLEU_brevity_penalty": 0.48300461663147776,
    "predict_BLEU_length_ratio": 0.5787944528015446,
    "predict_BLEU_precisions": "[0.4326513565494511, 0.16459879390247617, 0.08605499868527888, 0.049820634843946277]",
    "predict_BLEU_reference_length": 649481,
    "predict_BLEU_translation_length": 375916,
    "predict_ROUGE_rouge1": 34.3689,
    "predict_ROUGE_rouge2": 11.7157,
    "predict_ROUGE_rougeL": 29.404,
    "predict_ROUGE_rougeLsum": 31.3675,
    "predict_gen_len": 36.33241721410377,
    "predict_loss": 2.2370009422302246,
    "predict_runtime": 1194.7609,
    "predict_samples": 14918,
    "predict_samples_per_second": 12.486,
    "predict_steps_per_second": 0.781,
    "train_loss": 2.3342731638300296,
    "train_runtime": 44328.7638,
    "train_samples": 251820,
    "train_samples_per_second": 17.042,
    "train_steps_per_second": 1.065
}