{
    "epoch": 3.0,
    "eval_BLEU2_bleu": 0.1668961370076325,
    "eval_BLEU2_bleuP": 16.68961370076325,
    "eval_BLEU2_precisions": "[0.4641194827854796, 0.12963108875887996, 0.05149758394642458, 0.02323507096567777]",
    "eval_BLEU_bleu": 0.04464032805252304,
    "eval_BLEU_bleuP": 4.464,
    "eval_BLEU_brevity_penalty": 0.5511354942357096,
    "eval_BLEU_length_ratio": 0.6266549196588573,
    "eval_BLEU_precisions": "[0.38856530762535985, 0.10746199501356928, 0.044140070113249844, 0.02335199796385849]",
    "eval_BLEU_reference_length": 166851,
    "eval_BLEU_translation_length": 104558,
    "eval_ROUGE_rouge1": 35.1173,
    "eval_ROUGE_rouge2": 11.4175,
    "eval_ROUGE_rougeL": 32.1959,
    "eval_ROUGE_rougeLsum": 32.3629,
    "eval_gen_len": 13.032629006755785,
    "eval_loss": 2.6591713428497314,
    "eval_runtime": 918.8596,
    "eval_samples": 13914,
    "eval_samples_per_second": 15.143,
    "eval_steps_per_second": 0.947,
    "predict_BLEU2_bleu": 0.1729302433171353,
    "predict_BLEU2_bleuP": 17.29302433171353,
    "predict_BLEU2_precisions": "[0.4740713061599186, 0.13497035762698656, 0.05268368188550649, 0.024629849080177523]",
    "predict_BLEU_bleu": 0.047467200821296206,
    "predict_BLEU_bleuP": 4.7467,
    "predict_BLEU_brevity_penalty": 0.5654598159734526,
    "predict_BLEU_length_ratio": 0.6368955995534927,
    "predict_BLEU_precisions": "[0.4063114005553147, 0.1141845564718844, 0.04547479349887363, 0.023535876903752553]",
    "predict_BLEU_reference_length": 170210,
    "predict_BLEU_translation_length": 108406,
    "predict_ROUGE_rouge1": 36.2123,
    "predict_ROUGE_rouge2": 11.9929,
    "predict_ROUGE_rougeL": 33.145,
    "predict_ROUGE_rougeLsum": 33.2758,
    "predict_gen_len": 12.422911918487733,
    "predict_loss": 2.6072816848754883,
    "predict_runtime": 886.885,
    "predict_samples": 14918,
    "predict_samples_per_second": 16.821,
    "predict_steps_per_second": 1.052,
    "train_loss": 2.914456583103014,
    "train_runtime": 33651.4493,
    "train_samples": 251820,
    "train_samples_per_second": 22.45,
    "train_steps_per_second": 1.403
}