{
    "epoch": 3.0,
    "eval_BLEU2_bleu": 0.15450385855025467,
    "eval_BLEU2_bleuP": 15.450385855025466,
    "eval_BLEU2_precisions": "[0.5099947256321665, 0.14661354547196914, 0.056376499855179986, 0.024734723548152097]",
    "eval_BLEU_bleu": 0.03095330189387651,
    "eval_BLEU_bleuP": 3.0953,
    "eval_BLEU_brevity_penalty": 0.3293590623618496,
    "eval_BLEU_length_ratio": 0.4737974048318876,
    "eval_BLEU_precisions": "[0.4655934152393633, 0.1340487384703729, 0.052148997134670486, 0.023968118417307144]",
    "eval_BLEU_reference_length": 69745,
    "eval_BLEU_translation_length": 33045,
    "eval_ROUGE_rouge1": 33.9494,
    "eval_ROUGE_rouge2": 12.2544,
    "eval_ROUGE_rougeL": 31.4019,
    "eval_ROUGE_rougeLsum": 31.4955,
    "eval_gen_len": 11.048041674705768,
    "eval_loss": 2.6494531631469727,
    "eval_runtime": 268.3383,
    "eval_samples": 5183,
    "eval_samples_per_second": 19.315,
    "eval_steps_per_second": 1.207,
    "predict_BLEU2_bleu": 0.1467059615753701,
    "predict_BLEU2_bleuP": 14.67059615753701,
    "predict_BLEU2_precisions": "[0.4634093388096379, 0.1267813318988574, 0.04293612239983749, 0.015876621730113307]",
    "predict_BLEU_bleu": 0.026986836314225715,
    "predict_BLEU_bleuP": 2.6987,
    "predict_BLEU_brevity_penalty": 0.3773596732992145,
    "predict_BLEU_length_ratio": 0.5064428377120768,
    "predict_BLEU_precisions": "[0.4152884968761485, 0.11120402736197756, 0.0381032329395385, 0.014864616435118314]",
    "predict_BLEU_reference_length": 139690,
    "predict_BLEU_translation_length": 70745,
    "predict_ROUGE_rouge1": 32.3501,
    "predict_ROUGE_rouge2": 10.8271,
    "predict_ROUGE_rougeL": 29.8538,
    "predict_ROUGE_rougeLsum": 30.022,
    "predict_gen_len": 11.25221360109539,
    "predict_loss": 2.8009393215179443,
    "predict_runtime": 593.3227,
    "predict_samples": 10955,
    "predict_samples_per_second": 18.464,
    "predict_steps_per_second": 1.155,
    "train_loss": 3.0773579986418316,
    "train_runtime": 19413.6935,
    "train_samples": 164923,
    "train_samples_per_second": 25.486,
    "train_steps_per_second": 1.593
}