{
    "epoch": 1.0,
    "eval_BLEU2_bleu": 0.5687539255895612,
    "eval_BLEU2_bleuP": 56.875392558956115,
    "eval_BLEU2_precisions": "[0.6826533715674695, 0.595491806949023, 0.5295311731891797, 0.47469466366601437]",
    "eval_BLEU_bleu": 0.09380807657052079,
    "eval_BLEU_bleuP": 9.3808,
    "eval_BLEU_brevity_penalty": 1.0,
    "eval_BLEU_length_ratio": 7.727175080558539,
    "eval_BLEU_precisions": "[0.11509058054950655, 0.09952055113345436, 0.08768647991395033, 0.07710379175868064]",
    "eval_BLEU_reference_length": 2793,
    "eval_BLEU_translation_length": 21582,
    "eval_ROUGE_rouge1": 65.5294,
    "eval_ROUGE_rouge2": 51.9346,
    "eval_ROUGE_rougeL": 63.6038,
    "eval_ROUGE_rougeLsum": 65.0522,
    "eval_gen_len": 1023.0,
    "eval_loss": 0.4292009770870209,
    "eval_runtime": 10.4495,
    "eval_samples": 100,
    "eval_samples_per_second": 9.57,
    "eval_steps_per_second": 2.392,
    "generate_BLEU2_bleu": 0.69,
    "generate_BLEU2_bleuP": 69.0,
    "generate_BLEU2_precisions": "[7.296148829286e-312, 7.303879125246e-312, 7.311625829007e-312, 7.319388992906e-312]",
    "generate_BLEU_bleu": -1.0,
    "generate_BLEU_bleuP": -1.0,
    "generate_BLEU_brevity_penalty": -1.0,
    "generate_BLEU_length_ratio": -1.0,
    "generate_BLEU_precisions": -1.0,
    "generate_BLEU_reference_length": -1.0,
    "generate_BLEU_translation_length": -1.0,
    "generate_ROUGE_rouge1": 0.0,
    "generate_ROUGE_rouge2": 0.0,
    "generate_ROUGE_rougeL": 0.0,
    "generate_ROUGE_rougeLsum": 0.0,
    "generate_gen_len": 1024.0,
    "generate_loss": 0.4408835470676422,
    "generate_runtime": 30.9902,
    "generate_samples": 300,
    "generate_samples_per_second": 9.68,
    "generate_steps_per_second": 2.42,
    "peak_memory": 20.95976513671875,
    "predict_BLEU2_bleu": 0.5322561894614528,
    "predict_BLEU2_bleuP": 53.22561894614528,
    "predict_BLEU2_precisions": "[0.6220981327798669, 0.5559584971763905, 0.5024106577226899, 0.4514011794041936]",
    "predict_BLEU_bleu": 0.06240760026130101,
    "predict_BLEU_bleuP": 6.2408,
    "predict_BLEU_brevity_penalty": 1.0,
    "predict_BLEU_length_ratio": 11.462217319360176,
    "predict_BLEU_precisions": "[0.07823157894736842, 0.06682764865680652, 0.05784913662526507, 0.050155062328975375]",
    "predict_BLEU_reference_length": 7252,
    "predict_BLEU_translation_length": 83124,
    "predict_ROUGE_rouge1": 59.7624,
    "predict_ROUGE_rouge2": 49.3877,
    "predict_ROUGE_rougeL": 59.2631,
    "predict_ROUGE_rougeLsum": 59.6085,
    "predict_gen_len": 1023.0,
    "predict_loss": 0.41229772567749023,
    "predict_runtime": 31.2917,
    "predict_samples": 300,
    "predict_samples_per_second": 9.587,
    "predict_steps_per_second": 2.397,
    "total_flos": 2.0349299195904e+17,
    "total_gpu_time": 22.541285416666668,
    "train_loss": 0.5064441329956054,
    "train_runtime": 1352.3213,
    "train_samples": 5000,
    "train_samples_per_second": 3.697,
    "train_steps_per_second": 0.924
}