{
    "peak_memory": 20.95976513671875,
    "total_gpu_time": 22.541285416666668
}