{
    "epoch": 6.0,
    "eval_BLEU2_bleu": 0.0618141085953665,
    "eval_BLEU2_bleuP": 6.1814108595366495,
    "eval_BLEU2_precisions": "[0.3419684501750993, 0.11616505953201019, 0.05299353823528781, 0.025327084697466248]",
    "eval_BLEU_bleu": 0.05736729297992712,
    "eval_BLEU_bleuP": 5.7367,
    "eval_BLEU_brevity_penalty": 1.0,
    "eval_BLEU_length_ratio": 1.194816574294009,
    "eval_BLEU_precisions": "[0.26294677145635836, 0.07720523394666855, 0.03398773928343608, 0.015697141171857023]",
    "eval_BLEU_reference_length": 1326150,
    "eval_BLEU_translation_length": 1584506,
    "eval_ROUGE_rouge1": 20.1773,
    "eval_ROUGE_rouge2": 5.1866,
    "eval_ROUGE_rougeL": 18.4323,
    "eval_ROUGE_rougeLsum": 19.0163,
    "eval_gen_len": 192.722437832399,
    "eval_loss": 1.3071882724761963,
    "eval_runtime": 2612.4306,
    "eval_samples": 13914,
    "eval_samples_per_second": 5.326,
    "eval_steps_per_second": 0.333,
    "predict_BLEU2_bleu": 0.06502011605778382,
    "predict_BLEU2_bleuP": 6.5020116057783826,
    "predict_BLEU2_precisions": "[0.3617562020140423, 0.1266181522068472, 0.05861197384825163, 0.028343852014520686]",
    "predict_BLEU_bleu": 0.06321350094158931,
    "predict_BLEU_bleuP": 6.3214,
    "predict_BLEU_brevity_penalty": 1.0,
    "predict_BLEU_length_ratio": 1.1517802390424083,
    "predict_BLEU_precisions": "[0.27994427729347193, 0.08495059145924821, 0.03798276065223105, 0.017677255784543697]",
    "predict_BLEU_reference_length": 1462753,
    "predict_BLEU_translation_length": 1684770,
    "predict_ROUGE_rouge1": 21.0178,
    "predict_ROUGE_rouge2": 5.5666,
    "predict_ROUGE_rougeL": 19.1712,
    "predict_ROUGE_rougeLsum": 19.9137,
    "predict_gen_len": 189.79997318675424,
    "predict_loss": 1.3045657873153687,
    "predict_runtime": 2814.7116,
    "predict_samples": 14918,
    "predict_samples_per_second": 5.3,
    "predict_steps_per_second": 0.331,
    "train_loss": 0.4828908388563706,
    "train_runtime": 32031.6341,
    "train_samples": 251820,
    "train_samples_per_second": 47.17,
    "train_steps_per_second": 2.948
}