{
    "epoch": 20.0,
    "eval_BLEU2_bleu": 0.2355374694001309,
    "eval_BLEU2_bleuP": 23.55374694001309,
    "eval_BLEU2_precisions": "[0.6795507028594848, 0.410222732370479, 0.2879144356052764, 0.21219473552424692]",
    "eval_BLEU_bleu": 0.1869226593537207,
    "eval_BLEU_bleuP": 18.6923,
    "eval_BLEU_brevity_penalty": 0.8382234324229999,
    "eval_BLEU_length_ratio": 0.85,
    "eval_BLEU_precisions": "[0.45616724738675957, 0.25186622872499254, 0.17046915167095117, 0.1262608695652174]",
    "eval_BLEU_reference_length": 8440,
    "eval_BLEU_translation_length": 7174,
    "eval_ROUGE_rouge1": 45.6584,
    "eval_ROUGE_rouge2": 22.8507,
    "eval_ROUGE_rougeL": 43.0871,
    "eval_ROUGE_rougeLsum": 43.3085,
    "eval_gen_len": 18.32285115303983,
    "eval_loss": 2.8477942943573,
    "eval_runtime": 64.8021,
    "eval_samples": 477,
    "eval_samples_per_second": 7.361,
    "eval_steps_per_second": 0.926,
    "predict_BLEU2_bleu": 0.2355374694001309,
    "predict_BLEU2_bleuP": 23.55374694001309,
    "predict_BLEU2_precisions": "[0.6795507028594848, 0.410222732370479, 0.2879144356052764, 0.21219473552424692]",
    "predict_BLEU_bleu": 0.1869226593537207,
    "predict_BLEU_bleuP": 18.6923,
    "predict_BLEU_brevity_penalty": 0.8382234324229999,
    "predict_BLEU_length_ratio": 0.85,
    "predict_BLEU_precisions": "[0.45616724738675957, 0.25186622872499254, 0.17046915167095117, 0.1262608695652174]",
    "predict_BLEU_reference_length": 8440,
    "predict_BLEU_translation_length": 7174,
    "predict_ROUGE_rouge1": 45.6584,
    "predict_ROUGE_rouge2": 22.8507,
    "predict_ROUGE_rougeL": 43.0871,
    "predict_ROUGE_rougeLsum": 43.3085,
    "predict_gen_len": 18.32285115303983,
    "predict_loss": 2.8477942943573,
    "predict_runtime": 64.9385,
    "predict_samples": 477,
    "predict_samples_per_second": 7.345,
    "predict_steps_per_second": 0.924,
    "train_loss": 3.6158903545803494,
    "train_runtime": 965.5812,
    "train_samples": 2300,
    "train_samples_per_second": 47.64,
    "train_steps_per_second": 5.965
}