{
    "epoch": 6.0,
    "eval_BLEU2_bleu": 0.0605555717277898,
    "eval_BLEU2_bleuP": 6.055557172778981,
    "eval_BLEU2_precisions": "[0.17568786447683743, 0.041360510365573276, 0.02001384415344684, 0.011082604766759934]",
    "eval_BLEU_bleu": 0.026237853369983317,
    "eval_BLEU_bleuP": 2.6238,
    "eval_BLEU_brevity_penalty": 1.0,
    "eval_BLEU_length_ratio": 2.105072886297376,
    "eval_BLEU_precisions": "[0.09528030135165079, 0.028278805120910383, 0.016253507951356407, 0.010821860157518187]",
    "eval_BLEU_reference_length": 8575,
    "eval_BLEU_translation_length": 18051,
    "eval_ROUGE_rouge1": 11.2925,
    "eval_ROUGE_rouge2": 2.3765,
    "eval_ROUGE_rougeL": 11.1249,
    "eval_ROUGE_rougeLsum": 11.0536,
    "eval_gen_len": 57.0461215932914,
    "eval_loss": 4.389484882354736,
    "eval_runtime": 67.1821,
    "eval_samples": 477,
    "eval_samples_per_second": 7.1,
    "eval_steps_per_second": 0.447,
    "predict_BLEU2_bleu": 0.0605555717277898,
    "predict_BLEU2_bleuP": 6.055557172778981,
    "predict_BLEU2_precisions": "[0.17568786447683743, 0.041360510365573276, 0.02001384415344684, 0.011082604766759934]",
    "predict_BLEU_bleu": 0.026237853369983317,
    "predict_BLEU_bleuP": 2.6238,
    "predict_BLEU_brevity_penalty": 1.0,
    "predict_BLEU_length_ratio": 2.105072886297376,
    "predict_BLEU_precisions": "[0.09528030135165079, 0.028278805120910383, 0.016253507951356407, 0.010821860157518187]",
    "predict_BLEU_reference_length": 8575,
    "predict_BLEU_translation_length": 18051,
    "predict_ROUGE_rouge1": 11.2925,
    "predict_ROUGE_rouge2": 2.3765,
    "predict_ROUGE_rougeL": 11.1249,
    "predict_ROUGE_rougeLsum": 11.0536,
    "predict_gen_len": 57.0461215932914,
    "predict_loss": 4.389484882354736,
    "predict_runtime": 67.1855,
    "predict_samples": 477,
    "predict_samples_per_second": 7.1,
    "predict_steps_per_second": 0.447,
    "train_loss": 5.010903181853117,
    "train_runtime": 1074.3482,
    "train_samples": 2300,
    "train_samples_per_second": 12.845,
    "train_steps_per_second": 0.804
}