{
    "epoch": 3.0,
    "eval_BLEU2_bleu": 0.2473230345546661,
    "eval_BLEU2_bleuP": 24.73230345546661,
    "eval_BLEU2_precisions": "[0.5853946820566037, 0.2882195017028291, 0.1874206567923728, 0.14041022967422218]",
    "eval_BLEU_bleu": 0.13911896943632981,
    "eval_BLEU_bleuP": 13.9119,
    "eval_BLEU_brevity_penalty": 0.6571994166208859,
    "eval_BLEU_length_ratio": 0.7043405363465295,
    "eval_BLEU_precisions": "[0.5138899440350477, 0.24236249703431817, 0.1508052481034697, 0.1069066540357525]",
    "eval_BLEU_reference_length": 112129,
    "eval_BLEU_translation_length": 78977,
    "eval_ROUGE_rouge1": 49.3536,
    "eval_ROUGE_rouge2": 25.7565,
    "eval_ROUGE_rougeL": 46.3014,
    "eval_ROUGE_rougeLsum": 46.6611,
    "eval_gen_len": 14.983890784982934,
    "eval_loss": 2.0413873195648193,
    "eval_runtime": 292.6026,
    "eval_samples": 7325,
    "eval_samples_per_second": 25.034,
    "eval_steps_per_second": 1.565,
    "predict_BLEU2_bleu": 0.191006429149438,
    "predict_BLEU2_bleuP": 19.100642914943798,
    "predict_BLEU2_precisions": "[0.5350909558428887, 0.21244014700000202, 0.11303848256517243, 0.06730142254582491]",
    "predict_BLEU_bleu": 0.09335065468306104,
    "predict_BLEU_bleuP": 9.3351,
    "predict_BLEU_brevity_penalty": 0.5898617630286084,
    "predict_BLEU_length_ratio": 0.6545072015565803,
    "predict_BLEU_precisions": "[0.4954260371475873, 0.19288748341797424, 0.10377854962635512, 0.06325254774342726]",
    "predict_BLEU_reference_length": 126431,
    "predict_BLEU_translation_length": 82750,
    "predict_ROUGE_rouge1": 44.6107,
    "predict_ROUGE_rouge2": 19.0682,
    "predict_ROUGE_rougeL": 41.2765,
    "predict_ROUGE_rougeLsum": 41.7469,
    "predict_gen_len": 13.995075104654026,
    "predict_loss": 2.2129952907562256,
    "predict_runtime": 304.3943,
    "predict_samples": 8122,
    "predict_samples_per_second": 26.682,
    "predict_steps_per_second": 1.669,
    "train_loss": 1.8642677126171576,
    "train_runtime": 26149.5913,
    "train_samples": 167288,
    "train_samples_per_second": 19.192,
    "train_steps_per_second": 1.2
}