{
    "epoch": 1.0,
    "eval_BLEU2_bleu": 0.05765271186368078,
    "eval_BLEU2_bleuP": 5.765271186368079,
    "eval_BLEU2_precisions": "[0.07684948760049451, 0.06207454687812704, 0.051532918561015474, 0.0439293184394462]",
    "eval_BLEU_bleu": 0.056550418256017886,
    "eval_BLEU_bleuP": 5.655,
    "eval_BLEU_brevity_penalty": 1.0,
    "eval_BLEU_length_ratio": 10.211538461538462,
    "eval_BLEU_precisions": "[0.08031258826852462, 0.06153991141268495, 0.04980662201679087, 0.04154470777074875]",
    "eval_BLEU_reference_length": 1040,
    "eval_BLEU_translation_length": 10620,
    "eval_ROUGE_rouge1": 62.3734,
    "eval_ROUGE_rouge2": 43.0608,
    "eval_ROUGE_rougeL": 56.0429,
    "eval_ROUGE_rougeLsum": 62.3393,
    "eval_gen_len": 1024.0,
    "eval_loss": 1.7929372787475586,
    "eval_runtime": 1.4162,
    "eval_samples": 10,
    "eval_samples_per_second": 7.061,
    "eval_steps_per_second": 3.531,
    "generate_BLEU2_bleu": 0.03937581874159206,
    "generate_BLEU2_bleuP": 3.9375818741592057,
    "generate_BLEU2_precisions": "[0.05374591224787848, 0.0418532877241231, 0.034716737967120014, 0.02940749478095901]",
    "generate_BLEU_bleu": 0.021620662628870982,
    "generate_BLEU_bleuP": 2.1621,
    "generate_BLEU_brevity_penalty": 1.0,
    "generate_BLEU_length_ratio": 25.946232847156296,
    "generate_BLEU_precisions": "[0.03073448432424881, 0.02339349627857213, 0.019128353080430645, 0.015888297225585837]",
    "generate_BLEU_reference_length": 23174,
    "generate_BLEU_translation_length": 601278,
    "generate_ROUGE_rouge1": 51.6239,
    "generate_ROUGE_rouge2": 35.3214,
    "generate_ROUGE_rougeL": 46.739,
    "generate_ROUGE_rougeLsum": 51.0877,
    "generate_gen_len": 1024.0,
    "generate_loss": 2.0790021419525146,
    "generate_runtime": 38.8976,
    "generate_samples": 300,
    "generate_samples_per_second": 7.713,
    "generate_steps_per_second": 3.856,
    "peak_memory": 16.7506220703125,
    "predict_BLEU2_bleu": 0.06598710250387216,
    "predict_BLEU2_bleuP": 6.5987102503872155,
    "predict_BLEU2_precisions": "[0.08400811088310428, 0.06956424032094898, 0.0601756040308945, 0.05280105774877889]",
    "predict_BLEU_bleu": 0.04467866468566468,
    "predict_BLEU_bleuP": 4.4679,
    "predict_BLEU_brevity_penalty": 1.0,
    "predict_BLEU_length_ratio": 13.453000723065799,
    "predict_BLEU_precisions": "[0.061105926385583965, 0.048048760213387054, 0.040073693121485995, 0.03386693175196243]",
    "predict_BLEU_reference_length": 30426,
    "predict_BLEU_translation_length": 409321,
    "predict_ROUGE_rouge1": 59.4088,
    "predict_ROUGE_rouge2": 42.6781,
    "predict_ROUGE_rougeL": 54.5601,
    "predict_ROUGE_rougeLsum": 59.0872,
    "predict_gen_len": 1024.0,
    "predict_loss": 1.826453447341919,
    "predict_runtime": 37.8398,
    "predict_samples": 300,
    "predict_samples_per_second": 7.928,
    "predict_steps_per_second": 3.964,
    "total_flos": 2030046511104000.0,
    "total_gpu_time": 0.5348726236979167,
    "train_loss": 1.8729893922805787,
    "train_runtime": 31.9235,
    "train_samples": 50,
    "train_samples_per_second": 1.566,
    "train_steps_per_second": 0.783
}