{
    "peak_memory": 16.7506220703125,
    "total_gpu_time": 0.5348726236979167
}