{
    "epoch": 20.0,
    "eval_BLEU2_bleu": 0.34103650723720236,
    "eval_BLEU2_bleuP": 34.103650723720236,
    "eval_BLEU2_precisions": "[0.7277934133287579, 0.5060456221543723, 0.3897748293922147, 0.31803122936900846]",
    "eval_BLEU_bleu": 0.2864013544959285,
    "eval_BLEU_bleuP": 28.6401,
    "eval_BLEU_brevity_penalty": 0.7651771201665115,
    "eval_BLEU_length_ratio": 0.7888625592417061,
    "eval_BLEU_precisions": "[0.6145066826850879, 0.4063409899708832, 0.3107255520504732, 0.2529636711281071]",
    "eval_BLEU_reference_length": 8440,
    "eval_BLEU_translation_length": 6658,
    "eval_ROUGE_rouge1": 54.857,
    "eval_ROUGE_rouge2": 32.8053,
    "eval_ROUGE_rougeL": 52.8587,
    "eval_ROUGE_rougeLsum": 53.0051,
    "eval_gen_len": 15.819706498951781,
    "eval_loss": 1.1680984497070312,
    "eval_runtime": 55.5723,
    "eval_samples": 477,
    "eval_samples_per_second": 8.583,
    "eval_steps_per_second": 1.08,
    "predict_BLEU2_bleu": 0.34103650723720236,
    "predict_BLEU2_bleuP": 34.103650723720236,
    "predict_BLEU2_precisions": "[0.7277934133287579, 0.5060456221543723, 0.3897748293922147, 0.31803122936900846]",
    "predict_BLEU_bleu": 0.2864013544959285,
    "predict_BLEU_bleuP": 28.6401,
    "predict_BLEU_brevity_penalty": 0.7651771201665115,
    "predict_BLEU_length_ratio": 0.7888625592417061,
    "predict_BLEU_precisions": "[0.6145066826850879, 0.4063409899708832, 0.3107255520504732, 0.2529636711281071]",
    "predict_BLEU_reference_length": 8440,
    "predict_BLEU_translation_length": 6658,
    "predict_ROUGE_rouge1": 54.857,
    "predict_ROUGE_rouge2": 32.8053,
    "predict_ROUGE_rougeL": 52.8587,
    "predict_ROUGE_rougeLsum": 53.0051,
    "predict_gen_len": 15.819706498951781,
    "predict_loss": 1.1680984497070312,
    "predict_runtime": 56.3638,
    "predict_samples": 477,
    "predict_samples_per_second": 8.463,
    "predict_steps_per_second": 1.065,
    "train_loss": 1.6724790043301052,
    "train_runtime": 972.428,
    "train_samples": 2300,
    "train_samples_per_second": 47.304,
    "train_steps_per_second": 5.923
}