{
    "epoch": 5.0,
    "eval_BLEU2_bleu": 0.26605060573624967,
    "eval_BLEU2_bleuP": 26.605060573624968,
    "eval_BLEU2_precisions": "[0.6882264835182647, 0.43741423219533154, 0.3159265706691307, 0.2476167492562771]",
    "eval_BLEU_bleu": 0.21677506406785582,
    "eval_BLEU_bleuP": 21.6775,
    "eval_BLEU_brevity_penalty": 0.8090074469740999,
    "eval_BLEU_length_ratio": 0.8251184834123223,
    "eval_BLEU_precisions": "[0.5165829145728643, 0.3000924784217016, 0.20911661953086008, 0.1590169859053126]",
    "eval_BLEU_reference_length": 8440,
    "eval_BLEU_translation_length": 6964,
    "eval_ROUGE_rouge1": 48.7469,
    "eval_ROUGE_rouge2": 25.9802,
    "eval_ROUGE_rougeL": 46.5303,
    "eval_ROUGE_rougeLsum": 46.6115,
    "eval_gen_len": 16.840670859538783,
    "eval_loss": 1.4009742736816406,
    "eval_runtime": 59.8486,
    "eval_samples": 477,
    "eval_samples_per_second": 7.97,
    "eval_steps_per_second": 1.003,
    "predict_BLEU2_bleu": 0.26605060573624967,
    "predict_BLEU2_bleuP": 26.605060573624968,
    "predict_BLEU2_precisions": "[0.6882264835182647, 0.43741423219533154, 0.3159265706691307, 0.2476167492562771]",
    "predict_BLEU_bleu": 0.21677506406785582,
    "predict_BLEU_bleuP": 21.6775,
    "predict_BLEU_brevity_penalty": 0.8090074469740999,
    "predict_BLEU_length_ratio": 0.8251184834123223,
    "predict_BLEU_precisions": "[0.5165829145728643, 0.3000924784217016, 0.20911661953086008, 0.1590169859053126]",
    "predict_BLEU_reference_length": 8440,
    "predict_BLEU_translation_length": 6964,
    "predict_ROUGE_rouge1": 48.7469,
    "predict_ROUGE_rouge2": 25.9802,
    "predict_ROUGE_rougeL": 46.5303,
    "predict_ROUGE_rougeLsum": 46.6115,
    "predict_gen_len": 16.840670859538783,
    "predict_loss": 1.4009742736816406,
    "predict_runtime": 58.8474,
    "predict_samples": 477,
    "predict_samples_per_second": 8.106,
    "predict_steps_per_second": 1.02,
    "train_loss": 2.7137765672471788,
    "train_runtime": 569.2315,
    "train_samples": 2300,
    "train_samples_per_second": 20.203,
    "train_steps_per_second": 2.53
}