{
    "epoch": 3.0,
    "eval_BLEU2_bleu": 0.1478574356848232,
    "eval_BLEU2_bleuP": 14.78574356848232,
    "eval_BLEU2_precisions": "[0.4968191668434718, 0.13461946179183404, 0.0502489080004511, 0.021602772856872825]",
    "eval_BLEU_bleu": 0.02848206940212067,
    "eval_BLEU_bleuP": 2.8482,
    "eval_BLEU_brevity_penalty": 0.3311053210996231,
    "eval_BLEU_length_ratio": 0.47498745429779915,
    "eval_BLEU_precisions": "[0.4472214675963657, 0.1224840012870473, 0.046665498203487865, 0.021420204161320913]",
    "eval_BLEU_reference_length": 69745,
    "eval_BLEU_translation_length": 33128,
    "eval_ROUGE_rouge1": 32.329,
    "eval_ROUGE_rouge2": 11.3459,
    "eval_ROUGE_rougeL": 29.7959,
    "eval_ROUGE_rougeLsum": 29.9125,
    "eval_gen_len": 11.824811885008682,
    "eval_loss": 2.682391405105591,
    "eval_runtime": 290.587,
    "eval_samples": 5183,
    "eval_samples_per_second": 17.836,
    "eval_steps_per_second": 1.115,
    "predict_BLEU2_bleu": 0.1433355965338444,
    "predict_BLEU2_bleuP": 14.33355965338444,
    "predict_BLEU2_precisions": "[0.4546596732153804, 0.12098638291376854, 0.03950844725200927, 0.015072680248399107]",
    "predict_BLEU_bleu": 0.02578466392305235,
    "predict_BLEU_bleuP": 2.5785,
    "predict_BLEU_brevity_penalty": 0.37837077019967497,
    "predict_BLEU_length_ratio": 0.5071300737346982,
    "predict_BLEU_precisions": "[0.4105050676152565, 0.10761605980709542, 0.03523123686733715, 0.01385645337069905]",
    "predict_BLEU_reference_length": 139690,
    "predict_BLEU_translation_length": 70841,
    "predict_ROUGE_rouge1": 31.4331,
    "predict_ROUGE_rouge2": 10.4082,
    "predict_ROUGE_rougeL": 28.9988,
    "predict_ROUGE_rougeLsum": 29.1613,
    "predict_gen_len": 11.82482884527613,
    "predict_loss": 2.8397700786590576,
    "predict_runtime": 572.986,
    "predict_samples": 10955,
    "predict_samples_per_second": 19.119,
    "predict_steps_per_second": 1.195,
    "train_loss": 3.1547141340968987,
    "train_runtime": 20862.5832,
    "train_samples": 164923,
    "train_samples_per_second": 23.716,
    "train_steps_per_second": 1.482
}