{
    "epoch": 3.0,
    "eval_BLEU2_bleu": 0.22673555688211905,
    "eval_BLEU2_bleuP": 22.673555688211906,
    "eval_BLEU2_precisions": "[0.5872220956180663, 0.26334038928624104, 0.15444024767747586, 0.10697130974909613]",
    "eval_BLEU_bleu": 0.11035495021463433,
    "eval_BLEU_bleuP": 11.0355,
    "eval_BLEU_brevity_penalty": 0.5210953295206625,
    "eval_BLEU_length_ratio": 0.6053920038527054,
    "eval_BLEU_precisions": "[0.5566047464018974, 0.24756431850457414, 0.14517310690736948, 0.10054892393482617]",
    "eval_BLEU_reference_length": 112129,
    "eval_BLEU_translation_length": 67882,
    "eval_ROUGE_rouge1": 47.4099,
    "eval_ROUGE_rouge2": 23.0521,
    "eval_ROUGE_rougeL": 44.4176,
    "eval_ROUGE_rougeLsum": 44.7531,
    "eval_gen_len": 13.386484641638225,
    "eval_loss": 2.1291635036468506,
    "eval_runtime": 384.3038,
    "eval_samples": 7325,
    "eval_samples_per_second": 19.06,
    "eval_steps_per_second": 1.192,
    "predict_BLEU2_bleu": 0.17944787753507951,
    "predict_BLEU2_bleuP": 17.944787753507953,
    "predict_BLEU2_precisions": "[0.547562709839532, 0.20517368533957858, 0.10459914709790852, 0.05748700995013979]",
    "predict_BLEU_bleu": 0.0726036431996384,
    "predict_BLEU_bleuP": 7.2604,
    "predict_BLEU_brevity_penalty": 0.4878637340145902,
    "predict_BLEU_length_ratio": 0.5821673481978312,
    "predict_BLEU_precisions": "[0.5147748114937843, 0.1889498037658629, 0.09609316434511253, 0.05247872621296127]",
    "predict_BLEU_reference_length": 126431,
    "predict_BLEU_translation_length": 73604,
    "predict_ROUGE_rouge1": 43.0515,
    "predict_ROUGE_rouge2": 17.5131,
    "predict_ROUGE_rougeL": 40.0359,
    "predict_ROUGE_rougeLsum": 40.3836,
    "predict_gen_len": 12.791800049248954,
    "predict_loss": 2.308767318725586,
    "predict_runtime": 417.1666,
    "predict_samples": 8122,
    "predict_samples_per_second": 19.469,
    "predict_steps_per_second": 1.218,
    "train_loss": 2.43470278104876,
    "train_runtime": 20569.1585,
    "train_samples": 167288,
    "train_samples_per_second": 24.399,
    "train_steps_per_second": 1.525
}