{
    "epoch": 6.0,
    "eval_BLEU2_bleu": 0.2537656232422249,
    "eval_BLEU2_bleuP": 25.37656232422249,
    "eval_BLEU2_precisions": "[0.7152004985138444, 0.42357333346337345, 0.2926278052225569, 0.220469724050904]",
    "eval_BLEU_bleu": 0.17870147308696752,
    "eval_BLEU_bleuP": 17.8701,
    "eval_BLEU_brevity_penalty": 0.6269961265108066,
    "eval_BLEU_length_ratio": 0.6817492711370262,
    "eval_BLEU_precisions": "[0.573456473405165, 0.32048417132216017, 0.2205191089311261, 0.16281702898550723]",
    "eval_BLEU_reference_length": 8575,
    "eval_BLEU_translation_length": 5846,
    "eval_ROUGE_rouge1": 47.7081,
    "eval_ROUGE_rouge2": 24.0077,
    "eval_ROUGE_rougeL": 45.6977,
    "eval_ROUGE_rougeLsum": 45.6924,
    "eval_gen_len": 14.482180293501049,
    "eval_loss": 1.5220962762832642,
    "eval_runtime": 33.4667,
    "eval_samples": 477,
    "eval_samples_per_second": 14.253,
    "eval_steps_per_second": 0.896,
    "predict_BLEU2_bleu": 0.2537656232422249,
    "predict_BLEU2_bleuP": 25.37656232422249,
    "predict_BLEU2_precisions": "[0.7152004985138444, 0.42357333346337345, 0.2926278052225569, 0.220469724050904]",
    "predict_BLEU_bleu": 0.17870147308696752,
    "predict_BLEU_bleuP": 17.8701,
    "predict_BLEU_brevity_penalty": 0.6269961265108066,
    "predict_BLEU_length_ratio": 0.6817492711370262,
    "predict_BLEU_precisions": "[0.573456473405165, 0.32048417132216017, 0.2205191089311261, 0.16281702898550723]",
    "predict_BLEU_reference_length": 8575,
    "predict_BLEU_translation_length": 5846,
    "predict_ROUGE_rouge1": 47.7081,
    "predict_ROUGE_rouge2": 24.0077,
    "predict_ROUGE_rougeL": 45.6977,
    "predict_ROUGE_rougeLsum": 45.6924,
    "predict_gen_len": 14.482180293501049,
    "predict_loss": 1.5220962762832642,
    "predict_runtime": 33.169,
    "predict_samples": 477,
    "predict_samples_per_second": 14.381,
    "predict_steps_per_second": 0.904,
    "train_loss": 3.003175064369484,
    "train_runtime": 912.6259,
    "train_samples": 2300,
    "train_samples_per_second": 15.121,
    "train_steps_per_second": 0.947
}