{
    "epoch": 3.0,
    "eval_BLEU2_bleu": 0.1574522608379298,
    "eval_BLEU2_bleuP": 15.745226083792978,
    "eval_BLEU2_precisions": "[0.46745668449205047, 0.11567391381354089, 0.04027192121654043, 0.01664038750606237]",
    "eval_BLEU_bleu": 0.030065639653816766,
    "eval_BLEU_bleuP": 3.0066,
    "eval_BLEU_brevity_penalty": 0.40654928870994095,
    "eval_BLEU_length_ratio": 0.5263019100874433,
    "eval_BLEU_precisions": "[0.4080510163411718, 0.10117589748447248, 0.03811666666666667, 0.01900739176346357]",
    "eval_BLEU_reference_length": 166851,
    "eval_BLEU_translation_length": 87814,
    "eval_ROUGE_rouge1": 32.4325,
    "eval_ROUGE_rouge2": 9.6957,
    "eval_ROUGE_rougeL": 29.8511,
    "eval_ROUGE_rougeLsum": 29.9865,
    "eval_gen_len": 11.343395141584017,
    "eval_loss": 2.829530715942383,
    "eval_runtime": 817.6527,
    "eval_samples": 13914,
    "eval_samples_per_second": 17.017,
    "eval_steps_per_second": 1.064,
    "predict_BLEU2_bleu": 0.16095312519707192,
    "predict_BLEU2_bleuP": 16.095312519707193,
    "predict_BLEU2_precisions": "[0.473535291640447, 0.11843193553791333, 0.0409382859235062, 0.016628801774263628]",
    "predict_BLEU_bleu": 0.032278036056875396,
    "predict_BLEU_bleuP": 3.2278,
    "predict_BLEU_brevity_penalty": 0.4529528908079255,
    "predict_BLEU_length_ratio": 0.5580459432465777,
    "predict_BLEU_precisions": "[0.40589139452129785, 0.10023979617325274, 0.03619874785170636, 0.0175094578802464]",
    "predict_BLEU_reference_length": 170210,
    "predict_BLEU_translation_length": 94985,
    "predict_ROUGE_rouge1": 33.2497,
    "predict_ROUGE_rouge2": 9.8894,
    "predict_ROUGE_rougeL": 30.5331,
    "predict_ROUGE_rougeLsum": 30.6416,
    "predict_gen_len": 11.356482102158466,
    "predict_loss": 2.778688669204712,
    "predict_runtime": 898.2771,
    "predict_samples": 14918,
    "predict_samples_per_second": 16.607,
    "predict_steps_per_second": 1.039,
    "train_loss": 3.133673757928818,
    "train_runtime": 33484.7405,
    "train_samples": 251820,
    "train_samples_per_second": 22.561,
    "train_steps_per_second": 1.41
}