{
    "epoch": 5.0,
    "eval_BLEU2_bleu": 0.4173534544242269,
    "eval_BLEU2_bleuP": 41.73534544242269,
    "eval_BLEU2_precisions": "[0.7359991860727065, 0.5477631614177347, 0.43773252440097093, 0.36854630854571385]",
    "eval_BLEU_bleu": 0.37032805514447265,
    "eval_BLEU_bleuP": 37.0328,
    "eval_BLEU_brevity_penalty": 0.8256490403453419,
    "eval_BLEU_length_ratio": 0.839218009478673,
    "eval_BLEU_precisions": "[0.6764539808018069, 0.48115634932647194, 0.38580750407830344, 0.3223067397841854]",
    "eval_BLEU_reference_length": 8440,
    "eval_BLEU_translation_length": 7083,
    "eval_ROUGE_rouge1": 60.2122,
    "eval_ROUGE_rouge2": 38.9847,
    "eval_ROUGE_rougeL": 58.6203,
    "eval_ROUGE_rougeLsum": 58.7936,
    "eval_gen_len": 16.38574423480084,
    "eval_loss": 1.0156692266464233,
    "eval_runtime": 29.3182,
    "eval_samples": 477,
    "eval_samples_per_second": 16.27,
    "eval_steps_per_second": 2.047,
    "predict_BLEU2_bleu": 0.4173534544242269,
    "predict_BLEU2_bleuP": 41.73534544242269,
    "predict_BLEU2_precisions": "[0.7359991860727065, 0.5477631614177347, 0.43773252440097093, 0.36854630854571385]",
    "predict_BLEU_bleu": 0.37032805514447265,
    "predict_BLEU_bleuP": 37.0328,
    "predict_BLEU_brevity_penalty": 0.8256490403453419,
    "predict_BLEU_length_ratio": 0.839218009478673,
    "predict_BLEU_precisions": "[0.6764539808018069, 0.48115634932647194, 0.38580750407830344, 0.3223067397841854]",
    "predict_BLEU_reference_length": 8440,
    "predict_BLEU_translation_length": 7083,
    "predict_ROUGE_rouge1": 60.2122,
    "predict_ROUGE_rouge2": 38.9847,
    "predict_ROUGE_rougeL": 58.6203,
    "predict_ROUGE_rougeLsum": 58.7936,
    "predict_gen_len": 16.38574423480084,
    "predict_loss": 1.0156692266464233,
    "predict_runtime": 29.2056,
    "predict_samples": 477,
    "predict_samples_per_second": 16.332,
    "predict_steps_per_second": 2.054,
    "train_loss": 1.201077938079834,
    "train_runtime": 371.2066,
    "train_samples": 2300,
    "train_samples_per_second": 30.98,
    "train_steps_per_second": 3.879
}