{
    "epoch": 30.0,
    "eval_BLEU2_bleu": 0.3447045076559619,
    "eval_BLEU2_bleuP": 34.47045076559619,
    "eval_BLEU2_precisions": "[0.7432919042830164, 0.5192689301923934, 0.40259698856082793, 0.32863065198880853]",
    "eval_BLEU_bleu": 0.2859596151675293,
    "eval_BLEU_bleuP": 28.596,
    "eval_BLEU_brevity_penalty": 0.7313951760446962,
    "eval_BLEU_length_ratio": 0.7617298578199052,
    "eval_BLEU_precisions": "[0.6334370139968896, 0.4248278179069377, 0.3270038342158116, 0.26554689062187564]",
    "eval_BLEU_reference_length": 8440,
    "eval_BLEU_translation_length": 6429,
    "eval_ROUGE_rouge1": 55.6704,
    "eval_ROUGE_rouge2": 33.3658,
    "eval_ROUGE_rougeL": 53.5911,
    "eval_ROUGE_rougeLsum": 53.7149,
    "eval_gen_len": 15.366876310272536,
    "eval_loss": 1.1242119073867798,
    "eval_runtime": 53.2215,
    "eval_samples": 477,
    "eval_samples_per_second": 8.963,
    "eval_steps_per_second": 1.127,
    "predict_BLEU2_bleu": 0.3447045076559619,
    "predict_BLEU2_bleuP": 34.47045076559619,
    "predict_BLEU2_precisions": "[0.7432919042830164, 0.5192689301923934, 0.40259698856082793, 0.32863065198880853]",
    "predict_BLEU_bleu": 0.2859596151675293,
    "predict_BLEU_bleuP": 28.596,
    "predict_BLEU_brevity_penalty": 0.7313951760446962,
    "predict_BLEU_length_ratio": 0.7617298578199052,
    "predict_BLEU_precisions": "[0.6334370139968896, 0.4248278179069377, 0.3270038342158116, 0.26554689062187564]",
    "predict_BLEU_reference_length": 8440,
    "predict_BLEU_translation_length": 6429,
    "predict_ROUGE_rouge1": 55.6704,
    "predict_ROUGE_rouge2": 33.3658,
    "predict_ROUGE_rougeL": 53.5911,
    "predict_ROUGE_rougeLsum": 53.7149,
    "predict_gen_len": 15.366876310272536,
    "predict_loss": 1.1242119073867798,
    "predict_runtime": 52.67,
    "predict_samples": 477,
    "predict_samples_per_second": 9.056,
    "predict_steps_per_second": 1.139,
    "train_loss": 1.5032091917815031,
    "train_runtime": 1242.1946,
    "train_samples": 2300,
    "train_samples_per_second": 55.547,
    "train_steps_per_second": 6.955
}