{
    "epoch": 3.0,
    "eval_BLEU_bleu": 0.0020844621811796503,
    "eval_BLEU_bleuP": 0.2084,
    "eval_BLEU_brevity_penalty": 0.03834024020820615,
    "eval_BLEU_length_ratio": 0.23467263404555533,
    "eval_BLEU_precisions": "[0.37052073547174874, 0.08426700214608156, 0.028280729527390257, 0.0098945510289404]",
    "eval_BLEU_reference_length": 635008,
    "eval_BLEU_translation_length": 149019,
    "eval_ROUGE_rouge1": 22.1312,
    "eval_ROUGE_rouge2": 5.7935,
    "eval_ROUGE_rougeL": 19.7503,
    "eval_ROUGE_rougeLsum": 20.2982,
    "eval_gen_len": 18.30781946241196,
    "eval_loss": 3.0546560287475586,
    "eval_runtime": 975.2388,
    "eval_samples": 13914,
    "eval_samples_per_second": 14.267,
    "eval_steps_per_second": 0.446,
    "predict_BLEU_bleu": 0.0023561465863870816,
    "predict_BLEU_bleuP": 0.2356,
    "predict_BLEU_brevity_penalty": 0.042615604207592826,
    "predict_BLEU_length_ratio": 0.2406429133415758,
    "predict_BLEU_precisions": "[0.369604719311042, 0.08599800547433639, 0.02903511406934278, 0.010124770806314565]",
    "predict_BLEU_reference_length": 649481,
    "predict_BLEU_translation_length": 156293,
    "predict_ROUGE_rouge1": 23.0205,
    "predict_ROUGE_rouge2": 6.0557,
    "predict_ROUGE_rougeL": 20.4699,
    "predict_ROUGE_rougeLsum": 21.0079,
    "predict_gen_len": 17.51910443759217,
    "predict_loss": 3.021472930908203,
    "predict_runtime": 1043.8151,
    "predict_samples": 14918,
    "predict_samples_per_second": 14.292,
    "predict_steps_per_second": 0.447,
    "train_loss": 3.6012279208359805,
    "train_runtime": 34464.9901,
    "train_samples": 251820,
    "train_samples_per_second": 21.92,
    "train_steps_per_second": 0.685
}