{
    "epoch": 3.0,
    "eval_BLEU2_bleu": 0.06059868961179649,
    "eval_BLEU2_bleuP": 6.0598689611796495,
    "eval_BLEU2_precisions": "[0.1483318706267832, 0.015324628026971439, 0.003887831523306779, 0.0010960635501066768]",
    "eval_BLEU_bleu": 0.005715564931417024,
    "eval_BLEU_bleuP": 0.5716,
    "eval_BLEU_brevity_penalty": 1.0,
    "eval_BLEU_length_ratio": 1.8220920947564547,
    "eval_BLEU_precisions": "[0.08063338105115546, 0.007673568818514007, 0.0021617497456765007, 0.0007978458162960008]",
    "eval_BLEU_reference_length": 18785,
    "eval_BLEU_translation_length": 34228,
    "eval_ROUGE_rouge1": 16.3057,
    "eval_ROUGE_rouge2": 2.841,
    "eval_ROUGE_rougeL": 14.5317,
    "eval_ROUGE_rougeLsum": 14.6755,
    "eval_gen_len": 44.52214285714286,
    "eval_loss": 3.5809755325317383,
    "eval_runtime": 214.3312,
    "eval_samples": 1400,
    "eval_samples_per_second": 6.532,
    "eval_steps_per_second": 0.411,
    "predict_BLEU2_bleu": 0.05662971928753708,
    "predict_BLEU2_bleuP": 5.662971928753708,
    "predict_BLEU2_precisions": "[0.14655238980160018, 0.012816609298791479, 0.002978704849514972, 0.0009708804535383275]",
    "predict_BLEU_bleu": 0.005044622509970121,
    "predict_BLEU_bleuP": 0.5045,
    "predict_BLEU_brevity_penalty": 1.0,
    "predict_BLEU_length_ratio": 1.8315059562614828,
    "predict_BLEU_precisions": "[0.0795689878332902, 0.006776803776129468, 0.0020408881382173896, 0.0005884732796351466]",
    "predict_BLEU_reference_length": 16873,
    "predict_BLEU_translation_length": 30903,
    "predict_ROUGE_rouge1": 15.8589,
    "predict_ROUGE_rouge2": 2.3804,
    "predict_ROUGE_rougeL": 13.9489,
    "predict_ROUGE_rougeLsum": 14.1973,
    "predict_gen_len": 44.93814432989691,
    "predict_loss": 3.6777775287628174,
    "predict_runtime": 191.5039,
    "predict_samples": 1261,
    "predict_samples_per_second": 6.585,
    "predict_steps_per_second": 0.413,
    "train_loss": 4.154201861778589,
    "train_runtime": 4506.3048,
    "train_samples": 24927,
    "train_samples_per_second": 16.595,
    "train_steps_per_second": 1.037
}