{
    "epoch": 3.0,
    "eval_BLEU2_bleu": 0.16399704569180243,
    "eval_BLEU2_bleuP": 16.399704569180244,
    "eval_BLEU2_precisions": "[0.40460819922734154, 0.13304111288267015, 0.05641508182861565, 0.025117130718634494]",
    "eval_BLEU_bleu": 0.048021166590104906,
    "eval_BLEU_bleuP": 4.8021,
    "eval_BLEU_brevity_penalty": 0.5780004657435576,
    "eval_BLEU_length_ratio": 0.6459194728812435,
    "eval_BLEU_precisions": "[0.35715752721298005, 0.11457222946030242, 0.04915127774668905, 0.023688855987700017]",
    "eval_BLEU_reference_length": 45227,
    "eval_BLEU_translation_length": 29213,
    "eval_ROUGE_rouge1": 35.4372,
    "eval_ROUGE_rouge2": 12.6291,
    "eval_ROUGE_rougeL": 32.4905,
    "eval_ROUGE_rougeLsum": 32.7003,
    "eval_gen_len": 9.858172458172458,
    "eval_loss": 2.843060255050659,
    "eval_runtime": 130.1255,
    "eval_samples": 3885,
    "eval_samples_per_second": 29.856,
    "eval_steps_per_second": 1.867,
    "predict_BLEU2_bleu": 0.154849879595495,
    "predict_BLEU2_bleuP": 15.484987959549501,
    "predict_BLEU2_precisions": "[0.4172693119238734, 0.13369245656884543, 0.05840960489772657, 0.025655502129618157]",
    "predict_BLEU_bleu": 0.042005271572722366,
    "predict_BLEU_bleuP": 4.2005,
    "predict_BLEU_brevity_penalty": 0.4836848063760429,
    "predict_BLEU_length_ratio": 0.5792662721893491,
    "predict_BLEU_precisions": "[0.3741777323799796, 0.11933534743202417, 0.05069021405018723, 0.025130101342098057]",
    "predict_BLEU_reference_length": 42250,
    "predict_BLEU_translation_length": 24474,
    "predict_ROUGE_rouge1": 33.7787,
    "predict_ROUGE_rouge2": 11.766,
    "predict_ROUGE_rougeL": 30.7872,
    "predict_ROUGE_rougeLsum": 30.9762,
    "predict_gen_len": 9.756608933454878,
    "predict_loss": 2.842207431793213,
    "predict_runtime": 108.4747,
    "predict_samples": 3291,
    "predict_samples_per_second": 30.339,
    "predict_steps_per_second": 1.899,
    "train_loss": 2.724271266822615,
    "train_runtime": 8866.7202,
    "train_samples": 58025,
    "train_samples_per_second": 19.632,
    "train_steps_per_second": 1.227
}