{
    "epoch": 6.0,
    "eval_BLEU2_bleu": 0.38321017965655424,
    "eval_BLEU2_bleuP": 38.32101796565542,
    "eval_BLEU2_precisions": "[0.7081773053555517, 0.5109996605187643, 0.4013622636059016, 0.33369148629298157]",
    "eval_BLEU_bleu": 0.3357662048425999,
    "eval_BLEU_bleuP": 33.5766,
    "eval_BLEU_brevity_penalty": 0.8326973826430634,
    "eval_BLEU_length_ratio": 0.8452478134110787,
    "eval_BLEU_precisions": "[0.6384328872947993, 0.4363555818074424, 0.34122319301032566, 0.27810244070127194]",
    "eval_BLEU_reference_length": 8575,
    "eval_BLEU_translation_length": 7248,
    "eval_ROUGE_rouge1": 56.9387,
    "eval_ROUGE_rouge2": 35.2122,
    "eval_ROUGE_rougeL": 55.0176,
    "eval_ROUGE_rougeLsum": 55.2136,
    "eval_gen_len": 16.643605870020963,
    "eval_loss": 1.0748084783554077,
    "eval_runtime": 21.4965,
    "eval_samples": 477,
    "eval_samples_per_second": 22.19,
    "eval_steps_per_second": 1.396,
    "predict_BLEU2_bleu": 0.38321017965655424,
    "predict_BLEU2_bleuP": 38.32101796565542,
    "predict_BLEU2_precisions": "[0.7081773053555517, 0.5109996605187643, 0.4013622636059016, 0.33369148629298157]",
    "predict_BLEU_bleu": 0.3357662048425999,
    "predict_BLEU_bleuP": 33.5766,
    "predict_BLEU_brevity_penalty": 0.8326973826430634,
    "predict_BLEU_length_ratio": 0.8452478134110787,
    "predict_BLEU_precisions": "[0.6384328872947993, 0.4363555818074424, 0.34122319301032566, 0.27810244070127194]",
    "predict_BLEU_reference_length": 8575,
    "predict_BLEU_translation_length": 7248,
    "predict_ROUGE_rouge1": 56.9387,
    "predict_ROUGE_rouge2": 35.2122,
    "predict_ROUGE_rougeL": 55.0176,
    "predict_ROUGE_rougeLsum": 55.2136,
    "predict_gen_len": 16.643605870020963,
    "predict_loss": 1.0748084783554077,
    "predict_runtime": 21.231,
    "predict_samples": 477,
    "predict_samples_per_second": 22.467,
    "predict_steps_per_second": 1.413,
    "train_loss": 0.26460329470811067,
    "train_runtime": 344.4526,
    "train_samples": 2300,
    "train_samples_per_second": 40.064,
    "train_steps_per_second": 2.508
}