{
    "epoch": 6.0,
    "eval_BLEU2_bleu": 0.39525469713733186,
    "eval_BLEU2_bleuP": 39.52546971373319,
    "eval_BLEU2_precisions": "[0.7142064656508008, 0.516432723516092, 0.4110652597964319, 0.34587554817385846]",
    "eval_BLEU_bleu": 0.3403044553383389,
    "eval_BLEU_bleuP": 34.0304,
    "eval_BLEU_brevity_penalty": 0.804927913000582,
    "eval_BLEU_length_ratio": 0.8216909620991254,
    "eval_BLEU_precisions": "[0.6571590747835958, 0.45220700152207, 0.3595929755457082, 0.29896723646723644]",
    "eval_BLEU_reference_length": 8575,
    "eval_BLEU_translation_length": 7046,
    "eval_ROUGE_rouge1": 57.8236,
    "eval_ROUGE_rouge2": 36.8354,
    "eval_ROUGE_rougeL": 56.2121,
    "eval_ROUGE_rougeLsum": 56.4712,
    "eval_gen_len": 16.27672955974843,
    "eval_loss": 1.0665563344955444,
    "eval_runtime": 20.0815,
    "eval_samples": 477,
    "eval_samples_per_second": 23.753,
    "eval_steps_per_second": 1.494,
    "predict_BLEU2_bleu": 0.39525469713733186,
    "predict_BLEU2_bleuP": 39.52546971373319,
    "predict_BLEU2_precisions": "[0.7142064656508008, 0.516432723516092, 0.4110652597964319, 0.34587554817385846]",
    "predict_BLEU_bleu": 0.3403044553383389,
    "predict_BLEU_bleuP": 34.0304,
    "predict_BLEU_brevity_penalty": 0.804927913000582,
    "predict_BLEU_length_ratio": 0.8216909620991254,
    "predict_BLEU_precisions": "[0.6571590747835958, 0.45220700152207, 0.3595929755457082, 0.29896723646723644]",
    "predict_BLEU_reference_length": 8575,
    "predict_BLEU_translation_length": 7046,
    "predict_ROUGE_rouge1": 57.8236,
    "predict_ROUGE_rouge2": 36.8354,
    "predict_ROUGE_rougeL": 56.2121,
    "predict_ROUGE_rougeLsum": 56.4712,
    "predict_gen_len": 16.27672955974843,
    "predict_loss": 1.0665563344955444,
    "predict_runtime": 20.0598,
    "predict_samples": 477,
    "predict_samples_per_second": 23.779,
    "predict_steps_per_second": 1.496,
    "train_loss": 1.2032376704392609,
    "train_runtime": 802.699,
    "train_samples": 2300,
    "train_samples_per_second": 17.192,
    "train_steps_per_second": 1.076
}