{
    "epoch": 10.0,
    "eval_BLEU2_bleu": 0.16914445590411703,
    "eval_BLEU2_bleuP": 16.914445590411702,
    "eval_BLEU2_precisions": "[0.5419950790787696, 0.30130681979497403, 0.20611662677672168, 0.14814729131459026]",
    "eval_BLEU_bleu": 0.12771950175344937,
    "eval_BLEU_bleuP": 12.772,
    "eval_BLEU_brevity_penalty": 1.0,
    "eval_BLEU_length_ratio": 1.1432464454976303,
    "eval_BLEU_precisions": "[0.31430051813471505, 0.14444565572876922, 0.09102402022756005, 0.06439071801725185]",
    "eval_BLEU_reference_length": 8440,
    "eval_BLEU_translation_length": 9649,
    "eval_ROUGE_rouge1": 38.3605,
    "eval_ROUGE_rouge2": 16.5559,
    "eval_ROUGE_rougeL": 36.3132,
    "eval_ROUGE_rougeLsum": 36.4031,
    "eval_gen_len": 22.62683438155136,
    "eval_loss": 3.3565256595611572,
    "eval_runtime": 75.0413,
    "eval_samples": 477,
    "eval_samples_per_second": 6.356,
    "eval_steps_per_second": 0.8,
    "predict_BLEU2_bleu": 0.16914445590411703,
    "predict_BLEU2_bleuP": 16.914445590411702,
    "predict_BLEU2_precisions": "[0.5419950790787696, 0.30130681979497403, 0.20611662677672168, 0.14814729131459026]",
    "predict_BLEU_bleu": 0.12771950175344937,
    "predict_BLEU_bleuP": 12.772,
    "predict_BLEU_brevity_penalty": 1.0,
    "predict_BLEU_length_ratio": 1.1432464454976303,
    "predict_BLEU_precisions": "[0.31430051813471505, 0.14444565572876922, 0.09102402022756005, 0.06439071801725185]",
    "predict_BLEU_reference_length": 8440,
    "predict_BLEU_translation_length": 9649,
    "predict_ROUGE_rouge1": 38.3605,
    "predict_ROUGE_rouge2": 16.5559,
    "predict_ROUGE_rougeL": 36.3132,
    "predict_ROUGE_rougeLsum": 36.4031,
    "predict_gen_len": 22.62683438155136,
    "predict_loss": 3.3565256595611572,
    "predict_runtime": 75.0888,
    "predict_samples": 477,
    "predict_samples_per_second": 6.352,
    "predict_steps_per_second": 0.799,
    "train_loss": 4.125517654418945,
    "train_runtime": 741.0923,
    "train_samples": 2300,
    "train_samples_per_second": 31.035,
    "train_steps_per_second": 3.886
}