{
    "epoch": 3.0,
    "eval_BLEU2_bleu": 0.22957209500370288,
    "eval_BLEU2_bleuP": 22.957209500370286,
    "eval_BLEU2_precisions": "[0.47881937391945495, 0.18080265039997723, 0.08234315470658575, 0.03824777753101574]",
    "eval_BLEU_bleu": 0.08232247661417041,
    "eval_BLEU_bleuP": 8.2322,
    "eval_BLEU_brevity_penalty": 0.7153043163977476,
    "eval_BLEU_length_ratio": 0.7490371822701491,
    "eval_BLEU_precisions": "[0.4372553372985732, 0.15888146566567946, 0.07085702782950028, 0.035638468961080735]",
    "eval_BLEU_reference_length": 114248,
    "eval_BLEU_translation_length": 85576,
    "eval_ROUGE_rouge1": 45.4046,
    "eval_ROUGE_rouge2": 18.5499,
    "eval_ROUGE_rougeL": 42.713,
    "eval_ROUGE_rougeLsum": 42.7825,
    "eval_gen_len": 10.613464797411801,
    "eval_loss": 2.1302502155303955,
    "eval_runtime": 433.9739,
    "eval_samples": 12982,
    "eval_samples_per_second": 29.914,
    "eval_steps_per_second": 1.871,
    "predict_BLEU2_bleu": 0.23022111447975926,
    "predict_BLEU2_bleuP": 23.022111447975927,
    "predict_BLEU2_precisions": "[0.4961108892948851, 0.19054874020810392, 0.08595582579462738, 0.03832960355455717]",
    "predict_BLEU_bleu": 0.08026048025548416,
    "predict_BLEU_bleuP": 8.026,
    "predict_BLEU_brevity_penalty": 0.6850279365566272,
    "predict_BLEU_length_ratio": 0.7255337372711989,
    "predict_BLEU_precisions": "[0.45198666448051594, 0.16643647300280104, 0.07256882613423263, 0.03451832079592332]",
    "predict_BLEU_reference_length": 126092,
    "predict_BLEU_translation_length": 91484,
    "predict_ROUGE_rouge1": 46.288,
    "predict_ROUGE_rouge2": 19.0701,
    "predict_ROUGE_rougeL": 43.4929,
    "predict_ROUGE_rougeLsum": 43.5815,
    "predict_gen_len": 10.548451548451549,
    "predict_loss": 2.0966339111328125,
    "predict_runtime": 461.7802,
    "predict_samples": 14014,
    "predict_samples_per_second": 30.348,
    "predict_steps_per_second": 1.897,
    "train_loss": 2.31657164428997,
    "train_runtime": 36198.4476,
    "train_samples": 241241,
    "train_samples_per_second": 19.993,
    "train_steps_per_second": 1.25
}