{
    "epoch": 1.0,
    "eval_BLEU2_bleu": 0.6939940789345281,
    "eval_BLEU2_bleuP": 69.39940789345282,
    "eval_BLEU2_precisions": "[0.8664582642997656, 0.7371487894972175, 0.6519159232476089, 0.579409769726458]",
    "eval_BLEU_bleu": 0.6890841861395423,
    "eval_BLEU_bleuP": 68.9084,
    "eval_BLEU_brevity_penalty": 1.0,
    "eval_BLEU_length_ratio": 1.005870176414249,
    "eval_BLEU_precisions": "[0.8542293752687512, 0.7249674499348999, 0.6401214093497716, 0.5687661886411017]",
    "eval_BLEU_reference_length": 32367,
    "eval_BLEU_translation_length": 32557,
    "eval_ROUGE_rouge1": 79.3595,
    "eval_ROUGE_rouge2": 60.0112,
    "eval_ROUGE_rougeL": 75.6909,
    "eval_ROUGE_rougeLsum": 78.9872,
    "eval_gen_len": 1024.0,
    "eval_loss": 0.3380154073238373,
    "eval_runtime": 237.6028,
    "eval_samples": 300,
    "eval_samples_per_second": 1.263,
    "eval_steps_per_second": 0.316,
    "generate_BLEU2_bleu": 0.6859700211591019,
    "generate_BLEU2_bleuP": 68.59700211591019,
    "generate_BLEU2_precisions": "[0.8540667095739997, 0.7267633092576586, 0.6453681442959746, 0.5739538482800753]",
    "generate_BLEU_bleu": 0.6715229708946311,
    "generate_BLEU_bleuP": 67.1523,
    "generate_BLEU_brevity_penalty": 1.0,
    "generate_BLEU_length_ratio": 1.0110037110554932,
    "generate_BLEU_precisions": "[0.8351685872812633, 0.7058365758754864, 0.6240473061760841, 0.5527740790057701]",
    "generate_BLEU_reference_length": 23174,
    "generate_BLEU_translation_length": 23429,
    "generate_ROUGE_rouge1": 77.4589,
    "generate_ROUGE_rouge2": 57.92,
    "generate_ROUGE_rougeL": 73.9391,
    "generate_ROUGE_rougeLsum": 76.8992,
    "generate_gen_len": 1024.0,
    "generate_loss": 0.32008281350135803,
    "generate_runtime": 237.299,
    "generate_samples": 300,
    "generate_samples_per_second": 1.264,
    "generate_steps_per_second": 0.316,
    "peak_memory": 37.0870693359375,
    "predict_BLEU2_bleu": 0.6966662922454395,
    "predict_BLEU2_bleuP": 69.66662922454395,
    "predict_BLEU2_precisions": "[0.8678550285941473, 0.741132218212878, 0.6557538932081297, 0.5816043921049607]",
    "predict_BLEU_bleu": 0.684742715236775,
    "predict_BLEU_bleuP": 68.4743,
    "predict_BLEU_brevity_penalty": 1.0,
    "predict_BLEU_length_ratio": 1.0050943272201407,
    "predict_BLEU_precisions": "[0.8524949316591459, 0.7225744666798758, 0.6358481755720099, 0.561282932416953]",
    "predict_BLEU_reference_length": 30426,
    "predict_BLEU_translation_length": 30581,
    "predict_ROUGE_rouge1": 80.0076,
    "predict_ROUGE_rouge2": 61.2922,
    "predict_ROUGE_rougeL": 76.3825,
    "predict_ROUGE_rougeLsum": 79.6178,
    "predict_gen_len": 1024.0,
    "predict_loss": 0.32900816202163696,
    "predict_runtime": 237.6143,
    "predict_samples": 300,
    "predict_samples_per_second": 1.263,
    "predict_steps_per_second": 0.316,
    "total_flos": 1.1441700141489193e+18,
    "total_gpu_time": 846.1235333333333,
    "train_loss": 0.5149664303608791,
    "train_runtime": 50767.3255,
    "train_samples": 28182,
    "train_samples_per_second": 0.555,
    "train_steps_per_second": 0.139
}