{
    "peak_memory": 37.0870693359375,
    "total_gpu_time": 846.1235333333333
}