{
    "epoch": 3.0,
    "eval_BLEU2_bleu": 0.16917760785521724,
    "eval_BLEU2_bleuP": 16.917760785521725,
    "eval_BLEU2_precisions": "[0.506291869888267, 0.1714470943579327, 0.07033655910423703, 0.03229335192001597]",
    "eval_BLEU_bleu": 0.050710809782452994,
    "eval_BLEU_bleuP": 5.0711,
    "eval_BLEU_brevity_penalty": 0.4797776518526619,
    "eval_BLEU_length_ratio": 0.57655745931608,
    "eval_BLEU_precisions": "[0.454280953920374, 0.1510705109905795, 0.06198070222460467, 0.02934143870314083]",
    "eval_BLEU_reference_length": 69745,
    "eval_BLEU_translation_length": 40212,
    "eval_ROUGE_rouge1": 38.3579,
    "eval_ROUGE_rouge2": 15.4226,
    "eval_ROUGE_rougeL": 35.2672,
    "eval_ROUGE_rougeLsum": 35.4925,
    "eval_gen_len": 12.738182519776192,
    "eval_loss": 2.458707094192505,
    "eval_runtime": 293.1681,
    "eval_samples": 5183,
    "eval_samples_per_second": 17.679,
    "eval_steps_per_second": 1.105,
    "predict_BLEU2_bleu": 0.1579949579404952,
    "predict_BLEU2_bleuP": 15.79949579404952,
    "predict_BLEU2_precisions": "[0.46585338311722096, 0.14666391991664102, 0.05423459141396152, 0.021873562058409134]",
    "predict_BLEU_bleu": 0.041642620796125566,
    "predict_BLEU_bleuP": 4.1643,
    "predict_BLEU_brevity_penalty": 0.5350582753830718,
    "predict_BLEU_length_ratio": 0.615240890543346,
    "predict_BLEU_precisions": "[0.40754444754724006, 0.12275133686273987, 0.04288346815754131, 0.01710238830708958]",
    "predict_BLEU_reference_length": 139690,
    "predict_BLEU_translation_length": 85943,
    "predict_ROUGE_rouge1": 36.6473,
    "predict_ROUGE_rouge2": 13.3799,
    "predict_ROUGE_rougeL": 33.5621,
    "predict_ROUGE_rougeLsum": 33.7692,
    "predict_gen_len": 12.908626198083066,
    "predict_loss": 2.623647689819336,
    "predict_runtime": 620.748,
    "predict_samples": 10955,
    "predict_samples_per_second": 17.648,
    "predict_steps_per_second": 1.104,
    "train_loss": 2.8178495565741817,
    "train_runtime": 19222.1056,
    "train_samples": 164923,
    "train_samples_per_second": 25.74,
    "train_steps_per_second": 1.609
}