{
    "epoch": 30.0,
    "eval_BLEU2_bleu": 0.30302340082433654,
    "eval_BLEU2_bleuP": 30.302340082433656,
    "eval_BLEU2_precisions": "[0.7254117234292536, 0.47708615365209084, 0.35807108125762693, 0.28856014101061206]",
    "eval_BLEU_bleu": 0.2366980638959418,
    "eval_BLEU_bleuP": 23.6698,
    "eval_BLEU_brevity_penalty": 0.7127531421264572,
    "eval_BLEU_length_ratio": 0.7470379146919431,
    "eval_BLEU_precisions": "[0.5899143672692674, 0.3597529593412249, 0.26695311040538017, 0.21468115644863645]",
    "eval_BLEU_reference_length": 8440,
    "eval_BLEU_translation_length": 6305,
    "eval_ROUGE_rouge1": 51.6581,
    "eval_ROUGE_rouge2": 29.0773,
    "eval_ROUGE_rougeL": 49.3413,
    "eval_ROUGE_rougeLsum": 49.3232,
    "eval_gen_len": 15.429769392033544,
    "eval_loss": 1.3699647188186646,
    "eval_runtime": 70.8379,
    "eval_samples": 477,
    "eval_samples_per_second": 6.734,
    "eval_steps_per_second": 0.847,
    "predict_BLEU2_bleu": 0.30302340082433654,
    "predict_BLEU2_bleuP": 30.302340082433656,
    "predict_BLEU2_precisions": "[0.7254117234292536, 0.47708615365209084, 0.35807108125762693, 0.28856014101061206]",
    "predict_BLEU_bleu": 0.2366980638959418,
    "predict_BLEU_bleuP": 23.6698,
    "predict_BLEU_brevity_penalty": 0.7127531421264572,
    "predict_BLEU_length_ratio": 0.7470379146919431,
    "predict_BLEU_precisions": "[0.5899143672692674, 0.3597529593412249, 0.26695311040538017, 0.21468115644863645]",
    "predict_BLEU_reference_length": 8440,
    "predict_BLEU_translation_length": 6305,
    "predict_ROUGE_rouge1": 51.6581,
    "predict_ROUGE_rouge2": 29.0773,
    "predict_ROUGE_rougeL": 49.3413,
    "predict_ROUGE_rougeLsum": 49.3232,
    "predict_gen_len": 15.429769392033544,
    "predict_loss": 1.3699647188186646,
    "predict_runtime": 74.9951,
    "predict_samples": 477,
    "predict_samples_per_second": 6.36,
    "predict_steps_per_second": 0.8,
    "train_loss": 1.9172208997938367,
    "train_runtime": 1515.2657,
    "train_samples": 2300,
    "train_samples_per_second": 45.537,
    "train_steps_per_second": 5.702
}