{
    "epoch": 20.0,
    "eval_BLEU2_bleu": 0.40017071097284057,
    "eval_BLEU2_bleuP": 40.01707109728406,
    "eval_BLEU2_precisions": "[0.7152734077185301, 0.5217559522344608, 0.4117789258604782, 0.3370378303845276]",
    "eval_BLEU_bleu": 0.37166145530272016,
    "eval_BLEU_bleuP": 37.1661,
    "eval_BLEU_brevity_penalty": 0.8656698948211202,
    "eval_BLEU_length_ratio": 0.8739336492890996,
    "eval_BLEU_precisions": "[0.6605666259997289, 0.4633333333333333, 0.3671181690798692, 0.30238816010763536]",
    "eval_BLEU_reference_length": 8440,
    "eval_BLEU_translation_length": 7376,
    "eval_ROUGE_rouge1": 58.4255,
    "eval_ROUGE_rouge2": 36.0991,
    "eval_ROUGE_rougeL": 56.3541,
    "eval_ROUGE_rougeLsum": 56.4907,
    "eval_gen_len": 17.052410901467507,
    "eval_loss": 1.412421703338623,
    "eval_runtime": 28.8623,
    "eval_samples": 477,
    "eval_samples_per_second": 16.527,
    "eval_steps_per_second": 2.079,
    "predict_BLEU2_bleu": 0.40017071097284057,
    "predict_BLEU2_bleuP": 40.01707109728406,
    "predict_BLEU2_precisions": "[0.7152734077185301, 0.5217559522344608, 0.4117789258604782, 0.3370378303845276]",
    "predict_BLEU_bleu": 0.37166145530272016,
    "predict_BLEU_bleuP": 37.1661,
    "predict_BLEU_brevity_penalty": 0.8656698948211202,
    "predict_BLEU_length_ratio": 0.8739336492890996,
    "predict_BLEU_precisions": "[0.6605666259997289, 0.4633333333333333, 0.3671181690798692, 0.30238816010763536]",
    "predict_BLEU_reference_length": 8440,
    "predict_BLEU_translation_length": 7376,
    "predict_ROUGE_rouge1": 58.4255,
    "predict_ROUGE_rouge2": 36.0991,
    "predict_ROUGE_rougeL": 56.3541,
    "predict_ROUGE_rougeLsum": 56.4907,
    "predict_gen_len": 17.052410901467507,
    "predict_loss": 1.412421703338623,
    "predict_runtime": 28.4818,
    "predict_samples": 477,
    "predict_samples_per_second": 16.748,
    "predict_steps_per_second": 2.107,
    "train_loss": 0.4181786318620046,
    "train_runtime": 878.7368,
    "train_samples": 2300,
    "train_samples_per_second": 52.348,
    "train_steps_per_second": 6.555
}