{
    "epoch": 3.0,
    "eval_BLEU2_bleu": 0.16075434637342953,
    "eval_BLEU2_bleuP": 16.07543463734295,
    "eval_BLEU2_precisions": "[0.45583240198176544, 0.15177811355311346, 0.06306099257884974, 0.031063714063714082]",
    "eval_BLEU_bleu": 0.03970879296599133,
    "eval_BLEU_bleuP": 3.9709,
    "eval_BLEU_brevity_penalty": 0.44826173624881177,
    "eval_BLEU_length_ratio": 0.5548225780709688,
    "eval_BLEU_precisions": "[0.4039309683604986, 0.129125138427464, 0.05005896999082689, 0.02358414888496711]",
    "eval_BLEU_reference_length": 18797,
    "eval_BLEU_translation_length": 10429,
    "eval_ROUGE_rouge1": 36.6823,
    "eval_ROUGE_rouge2": 13.8129,
    "eval_ROUGE_rougeL": 33.3962,
    "eval_ROUGE_rougeLsum": 33.6416,
    "eval_gen_len": 9.755714285714285,
    "eval_loss": 2.8866543769836426,
    "eval_runtime": 66.0033,
    "eval_samples": 1400,
    "eval_samples_per_second": 21.211,
    "eval_steps_per_second": 1.333,
    "predict_BLEU2_bleu": 0.14824637939118265,
    "predict_BLEU2_bleuP": 14.824637939118265,
    "predict_BLEU2_precisions": "[0.42296907374772746, 0.13465595302582492, 0.0548524106080281, 0.026423662248404506]",
    "predict_BLEU_bleu": 0.03694598349681682,
    "predict_BLEU_bleuP": 3.6946,
    "predict_BLEU_brevity_penalty": 0.4588343210318936,
    "predict_BLEU_length_ratio": 0.5620926650077024,
    "predict_BLEU_precisions": "[0.37542158516020235, 0.1147441351647016, 0.04565030146425495, 0.021377256001401786]",
    "predict_BLEU_reference_length": 16878,
    "predict_BLEU_translation_length": 9487,
    "predict_ROUGE_rouge1": 33.9811,
    "predict_ROUGE_rouge2": 12.1108,
    "predict_ROUGE_rougeL": 31.0201,
    "predict_ROUGE_rougeLsum": 31.2256,
    "predict_gen_len": 9.806502775574941,
    "predict_loss": 3.0328049659729004,
    "predict_runtime": 60.7839,
    "predict_samples": 1261,
    "predict_samples_per_second": 20.746,
    "predict_steps_per_second": 1.3,
    "train_loss": 4.036470347099647,
    "train_runtime": 3336.2841,
    "train_samples": 24927,
    "train_samples_per_second": 22.414,
    "train_steps_per_second": 1.401
}