{
    "epoch": 3.0,
    "eval_BLEU_bleu": 0.47949042556498117,
    "eval_BLEU_bleuP": 47.949,
    "eval_BLEU_brevity_penalty": 0.5196557243691402,
    "eval_BLEU_length_ratio": 0.6043797873412619,
    "eval_BLEU_precisions": "[0.9289579897182552, 0.9244443362992162, 0.9207220975213716, 0.9167512037397058]",
    "eval_BLEU_reference_length": 635008,
    "eval_BLEU_translation_length": 383786,
    "eval_ROUGE_rouge1": 85.6962,
    "eval_ROUGE_rouge2": 85.1992,
    "eval_ROUGE_rougeL": 85.6619,
    "eval_ROUGE_rougeLsum": 85.6802,
    "eval_gen_len": 40.125269512721,
    "eval_loss": 0.08801183849573135,
    "eval_runtime": 490.3088,
    "eval_samples": 13914,
    "eval_samples_per_second": 28.378,
    "eval_steps_per_second": 0.887,
    "predict_BLEU_bleu": 0.5042554343218505,
    "predict_BLEU_bleuP": 50.4255,
    "predict_BLEU_brevity_penalty": 0.5627889244236437,
    "predict_BLEU_length_ratio": 0.6349808539433794,
    "predict_BLEU_precisions": "[0.9031956140627387, 0.8980454903381461, 0.8936989967953912, 0.8890962003970952]",
    "predict_BLEU_reference_length": 649481,
    "predict_BLEU_translation_length": 412408,
    "predict_ROUGE_rouge1": 85.5398,
    "predict_ROUGE_rouge2": 84.9509,
    "predict_ROUGE_rougeL": 85.506,
    "predict_ROUGE_rougeLsum": 85.5391,
    "predict_gen_len": 39.37538544040756,
    "predict_loss": 0.08808291703462601,
    "predict_runtime": 525.3485,
    "predict_samples": 14918,
    "predict_samples_per_second": 28.396,
    "predict_steps_per_second": 0.889,
    "train_loss": 0.47539097140876485,
    "train_runtime": 9356.4533,
    "train_samples": 251820,
    "train_samples_per_second": 80.742,
    "train_steps_per_second": 2.523
}