{
    "epoch": 6.0,
    "eval_BLEU2_bleu": 0.10168824802819501,
    "eval_BLEU2_bleuP": 10.1688248028195,
    "eval_BLEU2_precisions": "[0.709483169259363, 0.3015257450876141, 0.18311404449587637, 0.10081104805007077]",
    "eval_BLEU_bleu": 0.046270403968930514,
    "eval_BLEU_bleuP": 4.627,
    "eval_BLEU_brevity_penalty": 0.2517545241062022,
    "eval_BLEU_length_ratio": 0.4202915451895044,
    "eval_BLEU_precisions": "[0.4887656033287101, 0.2237851662404092, 0.12815818381545221, 0.08140025305778152]",
    "eval_BLEU_reference_length": 8575,
    "eval_BLEU_translation_length": 3604,
    "eval_ROUGE_rouge1": 32.592,
    "eval_ROUGE_rouge2": 10.6003,
    "eval_ROUGE_rougeL": 30.8948,
    "eval_ROUGE_rougeLsum": 30.9237,
    "eval_gen_len": 10.746331236897275,
    "eval_loss": 3.0168752670288086,
    "eval_runtime": 40.2894,
    "eval_samples": 477,
    "eval_samples_per_second": 11.839,
    "eval_steps_per_second": 0.745,
    "predict_BLEU2_bleu": 0.10168824802819501,
    "predict_BLEU2_bleuP": 10.1688248028195,
    "predict_BLEU2_precisions": "[0.709483169259363, 0.3015257450876141, 0.18311404449587637, 0.10081104805007077]",
    "predict_BLEU_bleu": 0.046270403968930514,
    "predict_BLEU_bleuP": 4.627,
    "predict_BLEU_brevity_penalty": 0.2517545241062022,
    "predict_BLEU_length_ratio": 0.4202915451895044,
    "predict_BLEU_precisions": "[0.4887656033287101, 0.2237851662404092, 0.12815818381545221, 0.08140025305778152]",
    "predict_BLEU_reference_length": 8575,
    "predict_BLEU_translation_length": 3604,
    "predict_ROUGE_rouge1": 32.592,
    "predict_ROUGE_rouge2": 10.6003,
    "predict_ROUGE_rougeL": 30.8948,
    "predict_ROUGE_rougeLsum": 30.9237,
    "predict_gen_len": 10.746331236897275,
    "predict_loss": 3.0168752670288086,
    "predict_runtime": 40.2794,
    "predict_samples": 477,
    "predict_samples_per_second": 11.842,
    "predict_steps_per_second": 0.745,
    "train_loss": 4.158374609770598,
    "train_runtime": 975.2828,
    "train_samples": 2300,
    "train_samples_per_second": 14.15,
    "train_steps_per_second": 0.886
}