{
    "epoch": 3.0,
    "eval_BLEU2_bleu": 0.24588847896563337,
    "eval_BLEU2_bleuP": 24.588847896563337,
    "eval_BLEU2_precisions": "[0.5170757450238396, 0.20442431990003473, 0.09758547760974187, 0.04669021964700596]",
    "eval_BLEU_bleu": 0.08717843932995045,
    "eval_BLEU_bleuP": 8.7178,
    "eval_BLEU_brevity_penalty": 0.6496905193487273,
    "eval_BLEU_length_ratio": 0.6986854878912707,
    "eval_BLEU_precisions": "[0.4705087121970759, 0.17962514572684063, 0.0848215113583681, 0.045224047978936074]",
    "eval_BLEU_reference_length": 114339,
    "eval_BLEU_translation_length": 79887,
    "eval_ROUGE_rouge1": 46.8254,
    "eval_ROUGE_rouge2": 19.7241,
    "eval_ROUGE_rougeL": 44.1136,
    "eval_ROUGE_rougeLsum": 44.1715,
    "eval_gen_len": 8.343629641041442,
    "eval_loss": 2.297032594680786,
    "eval_runtime": 494.6082,
    "eval_samples": 12982,
    "eval_samples_per_second": 26.247,
    "eval_steps_per_second": 1.642,
    "predict_BLEU2_bleu": 0.24903348190534594,
    "predict_BLEU2_bleuP": 24.903348190534594,
    "predict_BLEU2_precisions": "[0.5404000694343405, 0.21531343512386358, 0.10415457829131368, 0.04937870589624302]",
    "predict_BLEU_bleu": 0.08728506232474052,
    "predict_BLEU_bleuP": 8.7285,
    "predict_BLEU_brevity_penalty": 0.6262865270152016,
    "predict_BLEU_length_ratio": 0.681223364648849,
    "predict_BLEU_precisions": "[0.4905232558139535, 0.19073153113105326, 0.0893017318705582, 0.04515703831644016]",
    "predict_BLEU_reference_length": 126242,
    "predict_BLEU_translation_length": 85999,
    "predict_ROUGE_rouge1": 47.6252,
    "predict_ROUGE_rouge2": 20.3973,
    "predict_ROUGE_rougeL": 44.9041,
    "predict_ROUGE_rougeLsum": 44.9823,
    "predict_gen_len": 8.280077065791351,
    "predict_loss": 2.262639045715332,
    "predict_runtime": 531.2668,
    "predict_samples": 14014,
    "predict_samples_per_second": 26.378,
    "predict_steps_per_second": 1.649,
    "train_loss": 2.555773303474709,
    "train_runtime": 29175.2501,
    "train_samples": 241241,
    "train_samples_per_second": 24.806,
    "train_steps_per_second": 1.55
}