{
    "epoch": 30.0,
    "eval_BLEU2_bleu": 0.2727130730995415,
    "eval_BLEU2_bleuP": 27.271307309954153,
    "eval_BLEU2_precisions": "[0.6812747049116678, 0.3996284027982785, 0.281905316557322, 0.20784585526544924]",
    "eval_BLEU_bleu": 0.2172340916931899,
    "eval_BLEU_bleuP": 21.7234,
    "eval_BLEU_brevity_penalty": 0.6474820247329663,
    "eval_BLEU_length_ratio": 0.6970271979759646,
    "eval_BLEU_precisions": "[0.6285610596987843, 0.36372665872069926, 0.2672811059907834, 0.2073529411764706]",
    "eval_BLEU_reference_length": 7905,
    "eval_BLEU_translation_length": 5510,
    "eval_ROUGE_rouge1": 48.5819,
    "eval_ROUGE_rouge2": 22.4766,
    "eval_ROUGE_rougeL": 45.2243,
    "eval_ROUGE_rougeLsum": 45.3414,
    "eval_gen_len": 18.461215932914047,
    "eval_loss": 1.456925392150879,
    "eval_runtime": 5.6477,
    "eval_samples": 477,
    "eval_samples_per_second": 84.459,
    "eval_steps_per_second": 1.416,
    "predict_BLEU2_bleu": 0.2727130730995415,
    "predict_BLEU2_bleuP": 27.271307309954153,
    "predict_BLEU2_precisions": "[0.6812747049116678, 0.3996284027982785, 0.281905316557322, 0.20784585526544924]",
    "predict_BLEU_bleu": 0.2172340916931899,
    "predict_BLEU_bleuP": 21.7234,
    "predict_BLEU_brevity_penalty": 0.6474820247329663,
    "predict_BLEU_length_ratio": 0.6970271979759646,
    "predict_BLEU_precisions": "[0.6285610596987843, 0.36372665872069926, 0.2672811059907834, 0.2073529411764706]",
    "predict_BLEU_reference_length": 7905,
    "predict_BLEU_translation_length": 5510,
    "predict_ROUGE_rouge1": 48.5819,
    "predict_ROUGE_rouge2": 22.4766,
    "predict_ROUGE_rougeL": 45.2243,
    "predict_ROUGE_rougeLsum": 45.3414,
    "predict_gen_len": 18.461215932914047,
    "predict_loss": 1.456925392150879,
    "predict_runtime": 5.5583,
    "predict_samples": 477,
    "predict_samples_per_second": 85.818,
    "predict_steps_per_second": 1.439,
    "train_loss": 2.081723036589446,
    "train_runtime": 549.0161,
    "train_samples": 2300,
    "train_samples_per_second": 125.679,
    "train_steps_per_second": 1.967
}