{
    "epoch": 3.0,
    "eval_BLEU2_bleu": 0.19423150280217988,
    "eval_BLEU2_bleuP": 19.42315028021799,
    "eval_BLEU2_precisions": "[0.5411266751277446, 0.21772711690244667, 0.10819579361789727, 0.05871578686068358]",
    "eval_BLEU_bleu": 0.07360662139972275,
    "eval_BLEU_bleuP": 7.3607,
    "eval_BLEU_brevity_penalty": 0.4912272648147105,
    "eval_BLEU_length_ratio": 0.5845053259358021,
    "eval_BLEU_precisions": "[0.5013980182478172, 0.19829160695720588, 0.09652700124975334, 0.052529337139232475]",
    "eval_BLEU_reference_length": 69753,
    "eval_BLEU_translation_length": 40771,
    "eval_ROUGE_rouge1": 42.7234,
    "eval_ROUGE_rouge2": 19.5932,
    "eval_ROUGE_rougeL": 39.4931,
    "eval_ROUGE_rougeLsum": 39.6644,
    "eval_gen_len": 10.188500868223036,
    "eval_loss": 2.3879330158233643,
    "eval_runtime": 224.9281,
    "eval_samples": 5183,
    "eval_samples_per_second": 23.043,
    "eval_steps_per_second": 1.44,
    "predict_BLEU2_bleu": 0.19494180058242372,
    "predict_BLEU2_bleuP": 19.49418005824237,
    "predict_BLEU2_precisions": "[0.5174321494895616, 0.20731556133310347, 0.1065400703144928, 0.06347320905171205]",
    "predict_BLEU_bleu": 0.07575078273520162,
    "predict_BLEU_bleuP": 7.5751,
    "predict_BLEU_brevity_penalty": 0.5211033284075111,
    "predict_BLEU_length_ratio": 0.6053976296805221,
    "predict_BLEU_precisions": "[0.4757305655381123, 0.18448605999701237, 0.09285964968254475, 0.05479001990607425]",
    "predict_BLEU_reference_length": 139728,
    "predict_BLEU_translation_length": 84591,
    "predict_ROUGE_rouge1": 41.6972,
    "predict_ROUGE_rouge2": 18.3038,
    "predict_ROUGE_rougeL": 38.5701,
    "predict_ROUGE_rougeLsum": 38.8179,
    "predict_gen_len": 10.0851665905979,
    "predict_loss": 2.5304691791534424,
    "predict_runtime": 463.9146,
    "predict_samples": 10955,
    "predict_samples_per_second": 23.614,
    "predict_steps_per_second": 1.477,
    "train_loss": 2.6809066083634474,
    "train_runtime": 19303.1347,
    "train_samples": 164923,
    "train_samples_per_second": 25.632,
    "train_steps_per_second": 1.602
}