{
    "epoch": 4.0,
    "eval_BLEU2_bleu": 0.7101295821989945,
    "eval_BLEU2_bleuP": 71.01295821989945,
    "eval_BLEU2_precisions": "[0.8738881222634365, 0.7518519543993991, 0.6709676338668996, 0.6019307259463895]",
    "eval_BLEU_bleu": 0.7059713908059431,
    "eval_BLEU_bleuP": 70.5971,
    "eval_BLEU_brevity_penalty": 1.0,
    "eval_BLEU_length_ratio": 1.0045725584700467,
    "eval_BLEU_precisions": "[0.8622216754828392, 0.7398808045691582, 0.6592304800100263, 0.5906503036437247]",
    "eval_BLEU_reference_length": 32367,
    "eval_BLEU_translation_length": 32515,
    "eval_ROUGE_rouge1": 79.9888,
    "eval_ROUGE_rouge2": 61.5154,
    "eval_ROUGE_rougeL": 76.5339,
    "eval_ROUGE_rougeLsum": 79.6785,
    "eval_gen_len": 1024.0,
    "eval_loss": 0.3094770908355713,
    "eval_runtime": 31.1098,
    "eval_samples": 300,
    "eval_samples_per_second": 9.643,
    "eval_steps_per_second": 2.411,
    "generate_BLEU2_bleu": 0.703057807467395,
    "generate_BLEU2_bleuP": 70.3057807467395,
    "generate_BLEU2_precisions": "[0.8641230201115792, 0.7420306374736292, 0.664925864495131, 0.5970760982218097]",
    "generate_BLEU_bleu": 0.6908506835118688,
    "generate_BLEU_bleuP": 69.0851,
    "generate_BLEU_brevity_penalty": 1.0,
    "generate_BLEU_length_ratio": 1.0100543712781564,
    "generate_BLEU_precisions": "[0.8459501025290499, 0.723039639951532, 0.6453437390389337, 0.5770837035720633]",
    "generate_BLEU_reference_length": 23174,
    "generate_BLEU_translation_length": 23407,
    "generate_ROUGE_rouge1": 78.3906,
    "generate_ROUGE_rouge2": 59.2699,
    "generate_ROUGE_rougeL": 74.9847,
    "generate_ROUGE_rougeLsum": 77.9202,
    "generate_gen_len": 1024.0,
    "generate_loss": 0.293006956577301,
    "generate_runtime": 30.7084,
    "generate_samples": 300,
    "generate_samples_per_second": 9.769,
    "generate_steps_per_second": 2.442,
    "peak_memory": 29.2469345703125,
    "predict_BLEU2_bleu": 0.7139204654939395,
    "predict_BLEU2_bleuP": 71.39204654939395,
    "predict_BLEU2_precisions": "[0.8773427876723241, 0.7557430486588036, 0.6742594826069149, 0.6038812163584443]",
    "predict_BLEU_bleu": 0.702873826148586,
    "predict_BLEU_bleuP": 70.2874,
    "predict_BLEU_brevity_penalty": 1.0,
    "predict_BLEU_length_ratio": 1.0057187931374483,
    "predict_BLEU_precisions": "[0.8618999379105258, 0.7384904788620837, 0.6558114729509016, 0.5846941180431635]",
    "predict_BLEU_reference_length": 30426,
    "predict_BLEU_translation_length": 30600,
    "predict_ROUGE_rouge1": 80.9628,
    "predict_ROUGE_rouge2": 62.6633,
    "predict_ROUGE_rougeL": 77.3991,
    "predict_ROUGE_rougeLsum": 80.5469,
    "predict_gen_len": 1024.0,
    "predict_loss": 0.2995968759059906,
    "predict_runtime": 31.0673,
    "predict_samples": 300,
    "predict_samples_per_second": 9.656,
    "predict_steps_per_second": 2.414,
    "total_flos": 4.5768162717865083e+18,
    "total_gpu_time": 436.8163,
    "train_loss": 0.3199114771076065,
    "train_runtime": 26208.8546,
    "train_samples": 28182,
    "train_samples_per_second": 4.301,
    "train_steps_per_second": 1.075
}