{
    "epoch": 3.0,
    "eval_BLEU2_bleu": 0.1426036639970353,
    "eval_BLEU2_bleuP": 14.26036639970353,
    "eval_BLEU2_precisions": "[0.42316033594314334, 0.12530561303775575, 0.04136556895485471, 0.01639767573696145]",
    "eval_BLEU_bleu": 0.030924234370438685,
    "eval_BLEU_bleuP": 3.0924,
    "eval_BLEU_brevity_penalty": 0.4867130356753742,
    "eval_BLEU_length_ratio": 0.5813681128560021,
    "eval_BLEU_precisions": "[0.3741073063541476, 0.10207939508506617, 0.032996798818025114, 0.01293295674148952]",
    "eval_BLEU_reference_length": 18785,
    "eval_BLEU_translation_length": 10921,
    "eval_ROUGE_rouge1": 34.1915,
    "eval_ROUGE_rouge2": 11.0023,
    "eval_ROUGE_rougeL": 30.7901,
    "eval_ROUGE_rougeLsum": 30.9823,
    "eval_gen_len": 12.641428571428571,
    "eval_loss": 2.7112855911254883,
    "eval_runtime": 56.7263,
    "eval_samples": 1400,
    "eval_samples_per_second": 24.68,
    "eval_steps_per_second": 1.551,
    "predict_BLEU2_bleu": 0.1336416443777955,
    "predict_BLEU2_bleuP": 13.36416443777955,
    "predict_BLEU2_precisions": "[0.3843639137582051, 0.11018586582375248, 0.03864473371441969, 0.01666446382941228]",
    "predict_BLEU_bleu": 0.029208981858359902,
    "predict_BLEU_bleuP": 2.9209,
    "predict_BLEU_brevity_penalty": 0.47007538924709014,
    "predict_BLEU_length_ratio": 0.5698453150002963,
    "predict_BLEU_precisions": "[0.3454658901830283, 0.093836026331538, 0.033126585847194814, 0.013881748071979434]",
    "predict_BLEU_reference_length": 16873,
    "predict_BLEU_translation_length": 9615,
    "predict_ROUGE_rouge1": 31.8862,
    "predict_ROUGE_rouge2": 10.1481,
    "predict_ROUGE_rougeL": 28.7615,
    "predict_ROUGE_rougeLsum": 28.9901,
    "predict_gen_len": 12.375099127676448,
    "predict_loss": 2.837714433670044,
    "predict_runtime": 48.5875,
    "predict_samples": 1261,
    "predict_samples_per_second": 25.953,
    "predict_steps_per_second": 1.626,
    "train_loss": 2.947766938574762,
    "train_runtime": 3836.8998,
    "train_samples": 24927,
    "train_samples_per_second": 19.49,
    "train_steps_per_second": 1.218
}