{
    "epoch": 3.0,
    "eval_BLEU2_bleu": 0.12866504623022454,
    "eval_BLEU2_bleuP": 12.866504623022454,
    "eval_BLEU2_precisions": "[0.41571384121258087, 0.10317213540427847, 0.027834467120181405, 0.010033446712018137]",
    "eval_BLEU_bleu": 0.017316707669017942,
    "eval_BLEU_bleuP": 1.7317,
    "eval_BLEU_brevity_penalty": 0.3669785923118563,
    "eval_BLEU_length_ratio": 0.4993878094224115,
    "eval_BLEU_precisions": "[0.35738648475804735, 0.08218491606113756, 0.02201974183750949, 0.007665772326561901]",
    "eval_BLEU_reference_length": 18785,
    "eval_BLEU_translation_length": 9381,
    "eval_ROUGE_rouge1": 31.1383,
    "eval_ROUGE_rouge2": 9.0371,
    "eval_ROUGE_rougeL": 28.1889,
    "eval_ROUGE_rougeLsum": 28.2375,
    "eval_gen_len": 11.457142857142857,
    "eval_loss": 3.0277597904205322,
    "eval_runtime": 78.6473,
    "eval_samples": 1400,
    "eval_samples_per_second": 17.801,
    "eval_steps_per_second": 1.119,
    "predict_BLEU2_bleu": 0.11863184012165746,
    "predict_BLEU2_bleuP": 11.863184012165746,
    "predict_BLEU2_precisions": "[0.378391967599868, 0.08498993073735354, 0.02304390912638334, 0.008894112760092141]",
    "predict_BLEU_bleu": 0.016781963565616034,
    "predict_BLEU_bleuP": 1.6782,
    "predict_BLEU_brevity_penalty": 0.3852749457940316,
    "predict_BLEU_length_ratio": 0.5118236235405678,
    "predict_BLEU_precisions": "[0.31585041102234573, 0.06927874186550977, 0.020107896027464444, 0.008181632235631009]",
    "predict_BLEU_reference_length": 16873,
    "predict_BLEU_translation_length": 8636,
    "predict_ROUGE_rouge1": 28.3453,
    "predict_ROUGE_rouge2": 7.5341,
    "predict_ROUGE_rougeL": 25.5915,
    "predict_ROUGE_rougeLsum": 25.7628,
    "predict_gen_len": 11.590007930214115,
    "predict_loss": 3.140758752822876,
    "predict_runtime": 69.255,
    "predict_samples": 1261,
    "predict_samples_per_second": 18.208,
    "predict_steps_per_second": 1.141,
    "train_loss": 3.4781749824912414,
    "train_runtime": 3380.2169,
    "train_samples": 24927,
    "train_samples_per_second": 22.123,
    "train_steps_per_second": 1.383
}