{
    "epoch": 1.0,
    "eval_BLEU2_bleu": 0.5776195534632571,
    "eval_BLEU2_bleuP": 57.76195534632571,
    "eval_BLEU2_precisions": "[0.6591489016575784, 0.5966059699753912, 0.5509747164537128, 0.5094532550549036]",
    "eval_BLEU_bleu": 0.09868289288052251,
    "eval_BLEU_bleuP": 9.8683,
    "eval_BLEU_brevity_penalty": 1.0,
    "eval_BLEU_length_ratio": 7.607881644409531,
    "eval_BLEU_precisions": "[0.11939425228015832, 0.10408233869572739, 0.09255781603199444, 0.08245062052088796]",
    "eval_BLEU_reference_length": 7638,
    "eval_BLEU_translation_length": 58109,
    "eval_ROUGE_rouge1": 63.1638,
    "eval_ROUGE_rouge2": 54.0884,
    "eval_ROUGE_rougeL": 62.2548,
    "eval_ROUGE_rougeLsum": 63.2095,
    "eval_gen_len": 748.9933333333333,
    "eval_loss": 0.3962344229221344,
    "eval_runtime": 26.4166,
    "eval_samples": 300,
    "eval_samples_per_second": 11.356,
    "eval_steps_per_second": 2.839,
    "generate_BLEU2_bleu": 0.7,
    "generate_BLEU2_bleuP": 70.0,
    "generate_BLEU2_precisions": "[9.143617984095e-312, 9.15617155639e-312, 9.168759679905e-312, 9.18138249762e-312]",
    "generate_BLEU_bleu": -1.0,
    "generate_BLEU_bleuP": -1.0,
    "generate_BLEU_brevity_penalty": -1.0,
    "generate_BLEU_length_ratio": -1.0,
    "generate_BLEU_precisions": -1.0,
    "generate_BLEU_reference_length": -1.0,
    "generate_BLEU_translation_length": -1.0,
    "generate_ROUGE_rouge1": 0.0,
    "generate_ROUGE_rouge2": 0.0,
    "generate_ROUGE_rougeL": 0.0,
    "generate_ROUGE_rougeLsum": 0.0,
    "generate_gen_len": 750.0,
    "generate_loss": 0.41551491618156433,
    "generate_runtime": 25.7298,
    "generate_samples": 300,
    "generate_samples_per_second": 11.66,
    "generate_steps_per_second": 2.915,
    "peak_memory": 17.3194375,
    "predict_BLEU2_bleu": 0.5326351609434763,
    "predict_BLEU2_bleuP": 53.26351609434763,
    "predict_BLEU2_precisions": "[0.6178292253067007, 0.5553136749701221, 0.5046607666121214, 0.45381018173389387]",
    "predict_BLEU_bleu": 0.08008698196216767,
    "predict_BLEU_bleuP": 8.0087,
    "predict_BLEU_brevity_penalty": 1.0,
    "predict_BLEU_length_ratio": 9.098041919470491,
    "predict_BLEU_precisions": "[0.09936344346771749, 0.08552070645554202, 0.07451820128479657, 0.0649661954517517]",
    "predict_BLEU_reference_length": 7252,
    "predict_BLEU_translation_length": 65979,
    "predict_ROUGE_rouge1": 59.7217,
    "predict_ROUGE_rouge2": 50.2545,
    "predict_ROUGE_rougeL": 59.093,
    "predict_ROUGE_rougeLsum": 59.5013,
    "predict_gen_len": 748.9866666666667,
    "predict_loss": 0.3866005539894104,
    "predict_runtime": 26.4988,
    "predict_samples": 300,
    "predict_samples_per_second": 11.321,
    "predict_steps_per_second": 2.83,
    "total_flos": 8.44319719305216e+17,
    "total_gpu_time": 99.93029166666666,
    "train_loss": 0.41834364064606694,
    "train_runtime": 5995.6662,
    "train_samples": 28182,
    "train_samples_per_second": 4.7,
    "train_steps_per_second": 1.175
}