{
    "epoch": 10.0,
    "eval_BLEU2_bleu": 0.4174764177710555,
    "eval_BLEU2_bleuP": 41.74764177710555,
    "eval_BLEU2_precisions": "[0.7187253631155079, 0.5353097270430174, 0.42526367990486547, 0.3606308368555547]",
    "eval_BLEU_bleu": 0.383274493380094,
    "eval_BLEU_bleuP": 38.3274,
    "eval_BLEU_brevity_penalty": 0.8636537484120055,
    "eval_BLEU_length_ratio": 0.8721563981042654,
    "eval_BLEU_precisions": "[0.6659875033958164, 0.4782861292665214, 0.3817103620474407, 0.3190018546619457]",
    "eval_BLEU_reference_length": 8440,
    "eval_BLEU_translation_length": 7361,
    "eval_ROUGE_rouge1": 59.1526,
    "eval_ROUGE_rouge2": 37.8219,
    "eval_ROUGE_rougeL": 57.2964,
    "eval_ROUGE_rougeLsum": 57.4573,
    "eval_gen_len": 17.033542976939202,
    "eval_loss": 1.1647868156433105,
    "eval_runtime": 29.0931,
    "eval_samples": 477,
    "eval_samples_per_second": 16.396,
    "eval_steps_per_second": 2.062,
    "predict_BLEU2_bleu": 0.4174764177710555,
    "predict_BLEU2_bleuP": 41.74764177710555,
    "predict_BLEU2_precisions": "[0.7187253631155079, 0.5353097270430174, 0.42526367990486547, 0.3606308368555547]",
    "predict_BLEU_bleu": 0.383274493380094,
    "predict_BLEU_bleuP": 38.3274,
    "predict_BLEU_brevity_penalty": 0.8636537484120055,
    "predict_BLEU_length_ratio": 0.8721563981042654,
    "predict_BLEU_precisions": "[0.6659875033958164, 0.4782861292665214, 0.3817103620474407, 0.3190018546619457]",
    "predict_BLEU_reference_length": 8440,
    "predict_BLEU_translation_length": 7361,
    "predict_ROUGE_rouge1": 59.1526,
    "predict_ROUGE_rouge2": 37.8219,
    "predict_ROUGE_rougeL": 57.2964,
    "predict_ROUGE_rougeLsum": 57.4573,
    "predict_gen_len": 17.033542976939202,
    "predict_loss": 1.1647868156433105,
    "predict_runtime": 28.76,
    "predict_samples": 477,
    "predict_samples_per_second": 16.586,
    "predict_steps_per_second": 2.086,
    "train_loss": 0.7577063269085355,
    "train_runtime": 528.8414,
    "train_samples": 2300,
    "train_samples_per_second": 43.491,
    "train_steps_per_second": 5.446
}