{
    "epoch": 6.0,
    "eval_BLEU2_bleu": 0.3040393395615323,
    "eval_BLEU2_bleuP": 30.403933956153228,
    "eval_BLEU2_precisions": "[0.7083525497240769, 0.44972434169785314, 0.335047276674456, 0.26879562462092177]",
    "eval_BLEU_bleu": 0.2444400885540338,
    "eval_BLEU_bleuP": 24.444,
    "eval_BLEU_brevity_penalty": 0.7119963174655097,
    "eval_BLEU_length_ratio": 0.7464454976303317,
    "eval_BLEU_precisions": "[0.6100618949373116, 0.3744848901098901, 0.2763649962602842, 0.2200328407224959]",
    "eval_BLEU_reference_length": 8440,
    "eval_BLEU_translation_length": 6300,
    "eval_ROUGE_rouge1": 51.5331,
    "eval_ROUGE_rouge2": 29.0476,
    "eval_ROUGE_rougeL": 49.3163,
    "eval_ROUGE_rougeLsum": 49.4871,
    "eval_gen_len": 15.117400419287211,
    "eval_loss": 1.2762954235076904,
    "eval_runtime": 21.4908,
    "eval_samples": 477,
    "eval_samples_per_second": 22.196,
    "eval_steps_per_second": 1.396,
    "predict_BLEU2_bleu": 0.3040393395615323,
    "predict_BLEU2_bleuP": 30.403933956153228,
    "predict_BLEU2_precisions": "[0.7083525497240769, 0.44972434169785314, 0.335047276674456, 0.26879562462092177]",
    "predict_BLEU_bleu": 0.2444400885540338,
    "predict_BLEU_bleuP": 24.444,
    "predict_BLEU_brevity_penalty": 0.7119963174655097,
    "predict_BLEU_length_ratio": 0.7464454976303317,
    "predict_BLEU_precisions": "[0.6100618949373116, 0.3744848901098901, 0.2763649962602842, 0.2200328407224959]",
    "predict_BLEU_reference_length": 8440,
    "predict_BLEU_translation_length": 6300,
    "predict_ROUGE_rouge1": 51.5331,
    "predict_ROUGE_rouge2": 29.0476,
    "predict_ROUGE_rougeL": 49.3163,
    "predict_ROUGE_rougeLsum": 49.4871,
    "predict_gen_len": 15.117400419287211,
    "predict_loss": 1.2762954235076904,
    "predict_runtime": 21.2174,
    "predict_samples": 477,
    "predict_samples_per_second": 22.482,
    "predict_steps_per_second": 1.414,
    "train_loss": 2.323959368246573,
    "train_runtime": 328.8795,
    "train_samples": 2300,
    "train_samples_per_second": 41.961,
    "train_steps_per_second": 2.627
}