{
    "epoch": 3.0,
    "eval_BLEU2_bleu": 0.2443292683562382,
    "eval_BLEU2_bleuP": 24.43292683562382,
    "eval_BLEU2_precisions": "[0.600871935403321, 0.28592448459541914, 0.1771183200919547, 0.127811502575647]",
    "eval_BLEU_bleu": 0.11831644650655755,
    "eval_BLEU_bleuP": 11.8316,
    "eval_BLEU_brevity_penalty": 0.5341334611946906,
    "eval_BLEU_length_ratio": 0.614586770594583,
    "eval_BLEU_precisions": "[0.5662564936007197, 0.25894234360031826, 0.15457762052189297, 0.10622297023796842]",
    "eval_BLEU_reference_length": 112129,
    "eval_BLEU_translation_length": 68913,
    "eval_ROUGE_rouge1": 49.1536,
    "eval_ROUGE_rouge2": 25.3032,
    "eval_ROUGE_rougeL": 46.1536,
    "eval_ROUGE_rougeLsum": 46.4843,
    "eval_gen_len": 13.466894197952218,
    "eval_loss": 2.0781490802764893,
    "eval_runtime": 342.3518,
    "eval_samples": 7325,
    "eval_samples_per_second": 21.396,
    "eval_steps_per_second": 1.338,
    "predict_BLEU2_bleu": 0.18599740983238863,
    "predict_BLEU2_bleuP": 18.599740983238863,
    "predict_BLEU2_precisions": "[0.5461847382182439, 0.20874267990915094, 0.11002469277280447, 0.06304491213079981]",
    "predict_BLEU_bleu": 0.08030086444375907,
    "predict_BLEU_bleuP": 8.0301,
    "predict_BLEU_brevity_penalty": 0.5164203804680839,
    "predict_BLEU_length_ratio": 0.6021070781691199,
    "predict_BLEU_precisions": "[0.5109817933426162, 0.19248867713663903, 0.1013994188570856, 0.05861669242658424]",
    "predict_BLEU_reference_length": 126431,
    "predict_BLEU_translation_length": 76125,
    "predict_ROUGE_rouge1": 43.7128,
    "predict_ROUGE_rouge2": 18.359,
    "predict_ROUGE_rougeL": 40.5963,
    "predict_ROUGE_rougeLsum": 40.9839,
    "predict_gen_len": 13.118074365919725,
    "predict_loss": 2.2633299827575684,
    "predict_runtime": 380.0607,
    "predict_samples": 8122,
    "predict_samples_per_second": 21.37,
    "predict_steps_per_second": 1.337,
    "train_loss": 2.2851448866579793,
    "train_runtime": 20110.1641,
    "train_samples": 167288,
    "train_samples_per_second": 24.956,
    "train_steps_per_second": 1.56
}