{
    "epoch": 3.0,
    "eval_BLEU2_bleu": 0.18311844909603667,
    "eval_BLEU2_bleuP": 18.311844909603668,
    "eval_BLEU2_precisions": "[0.475644824382412, 0.1551350498852219, 0.06939512033612963, 0.03679499535709745]",
    "eval_BLEU_bleu": 0.06401035592056732,
    "eval_BLEU_bleuP": 6.401,
    "eval_BLEU_brevity_penalty": 0.5991874727134738,
    "eval_BLEU_length_ratio": 0.6612966059538151,
    "eval_BLEU_precisions": "[0.4188002428878275, 0.13524500907441017, 0.06302190011028833, 0.036486348595501525]",
    "eval_BLEU_reference_length": 166851,
    "eval_BLEU_translation_length": 110338,
    "eval_ROUGE_rouge1": 38.3092,
    "eval_ROUGE_rouge2": 14.1854,
    "eval_ROUGE_rougeL": 35.207,
    "eval_ROUGE_rougeLsum": 35.3913,
    "eval_gen_len": 13.125628863015669,
    "eval_loss": 2.3485841751098633,
    "eval_runtime": 576.3768,
    "eval_samples": 13914,
    "eval_samples_per_second": 24.14,
    "eval_steps_per_second": 1.509,
    "predict_BLEU2_bleu": 0.18905537183548635,
    "predict_BLEU2_bleuP": 18.905537183548635,
    "predict_BLEU2_precisions": "[0.48858254811771, 0.1613037070194577, 0.07210923961037642, 0.03751140433504022]",
    "predict_BLEU_bleu": 0.06674383405999036,
    "predict_BLEU_bleuP": 6.6744,
    "predict_BLEU_brevity_penalty": 0.6115321427870861,
    "predict_BLEU_length_ratio": 0.6703366429704483,
    "predict_BLEU_precisions": "[0.43594597673949814, 0.1412050573692807, 0.06404794398623391, 0.035989791357259236]",
    "predict_BLEU_reference_length": 170210,
    "predict_BLEU_translation_length": 114098,
    "predict_ROUGE_rouge1": 39.4738,
    "predict_ROUGE_rouge2": 14.8143,
    "predict_ROUGE_rougeL": 36.1361,
    "predict_ROUGE_rougeLsum": 36.2863,
    "predict_gen_len": 12.641842069982571,
    "predict_loss": 2.294677257537842,
    "predict_runtime": 585.2157,
    "predict_samples": 14918,
    "predict_samples_per_second": 25.491,
    "predict_steps_per_second": 1.594,
    "train_loss": 2.478630205685982,
    "train_runtime": 39091.5137,
    "train_samples": 251820,
    "train_samples_per_second": 19.325,
    "train_steps_per_second": 1.208
}