{
    "epoch": 1.0,
    "eval_BLEU2_bleu": 0.5689055660751294,
    "eval_BLEU2_bleuP": 56.89055660751294,
    "eval_BLEU2_precisions": "[0.6850296995261445, 0.5974158756785036, 0.5286511156529643, 0.47201988135076706]",
    "eval_BLEU_bleu": 0.12545625803177127,
    "eval_BLEU_bleuP": 12.5456,
    "eval_BLEU_brevity_penalty": 1.0,
    "eval_BLEU_length_ratio": 5.7930540637307555,
    "eval_BLEU_precisions": "[0.15351337988999444, 0.13301411603755986, 0.11726425129841687, 0.10345696114854229]",
    "eval_BLEU_reference_length": 2793,
    "eval_BLEU_translation_length": 16180,
    "eval_ROUGE_rouge1": 70.1104,
    "eval_ROUGE_rouge2": 54.8291,
    "eval_ROUGE_rougeL": 68.0135,
    "eval_ROUGE_rougeLsum": 69.8614,
    "eval_gen_len": 748.98,
    "eval_loss": 0.35014694929122925,
    "eval_runtime": 8.8204,
    "eval_samples": 100,
    "eval_samples_per_second": 11.337,
    "eval_steps_per_second": 2.834,
    "generate_BLEU2_bleu": 0.6933333333333334,
    "generate_BLEU2_bleuP": 69.33333333333334,
    "generate_BLEU2_precisions": "[1.170115131736e-311, 1.172133948054e-311, 1.174159773741e-311, 1.1761926455307e-311]",
    "generate_BLEU_bleu": -1.0,
    "generate_BLEU_bleuP": -1.0,
    "generate_BLEU_brevity_penalty": -1.0,
    "generate_BLEU_length_ratio": -1.0,
    "generate_BLEU_precisions": -1.0,
    "generate_BLEU_reference_length": -1.0,
    "generate_BLEU_translation_length": -1.0,
    "generate_ROUGE_rouge1": 0.0,
    "generate_ROUGE_rouge2": 0.0,
    "generate_ROUGE_rougeL": 0.0,
    "generate_ROUGE_rougeLsum": 0.0,
    "generate_gen_len": 750.0,
    "generate_loss": 0.3368428945541382,
    "generate_runtime": 25.6872,
    "generate_samples": 300,
    "generate_samples_per_second": 11.679,
    "generate_steps_per_second": 2.92,
    "peak_memory": 17.3194375,
    "predict_BLEU2_bleu": 0.5389891033106373,
    "predict_BLEU2_bleuP": 53.89891033106373,
    "predict_BLEU2_precisions": "[0.6309862376054363, 0.5639396613481278, 0.5103689432127904, 0.457669605938357]",
    "predict_BLEU_bleu": 0.08559244271732656,
    "predict_BLEU_bleuP": 8.5592,
    "predict_BLEU_brevity_penalty": 1.0,
    "predict_BLEU_length_ratio": 8.36969111969112,
    "predict_BLEU_precisions": "[0.10733467330060298, 0.09165866419417862, 0.07935372225365236, 0.06874811866617613]",
    "predict_BLEU_reference_length": 7252,
    "predict_BLEU_translation_length": 60697,
    "predict_ROUGE_rouge1": 66.927,
    "predict_ROUGE_rouge2": 54.8966,
    "predict_ROUGE_rougeL": 65.9833,
    "predict_ROUGE_rougeLsum": 66.7866,
    "predict_gen_len": 748.88,
    "predict_loss": 0.33531755208969116,
    "predict_runtime": 26.1032,
    "predict_samples": 300,
    "predict_samples_per_second": 11.493,
    "predict_steps_per_second": 2.873,
    "total_flos": 1.4979769344e+17,
    "total_gpu_time": 19.064527083333335,
    "train_loss": 0.5242541580200195,
    "train_runtime": 1143.746,
    "train_samples": 5000,
    "train_samples_per_second": 4.372,
    "train_steps_per_second": 1.093
}