{
    "peak_memory": 17.3194375,
    "total_gpu_time": 19.064527083333335
}