{
    "epoch": 3.0,
    "eval_BLEU2_bleu": 0.19886278511583838,
    "eval_BLEU2_bleuP": 19.88627851158384,
    "eval_BLEU2_precisions": "[0.5714570087810624, 0.23108238544638554, 0.11932211790334138, 0.071923905539481]",
    "eval_BLEU_bleu": 0.07328282660522098,
    "eval_BLEU_bleuP": 7.3283,
    "eval_BLEU_brevity_penalty": 0.49236831142794046,
    "eval_BLEU_length_ratio": 0.5852990751723461,
    "eval_BLEU_precisions": "[0.5237239067499619, 0.19931395249121, 0.09427226363279717, 0.04986828541976864]",
    "eval_BLEU_reference_length": 112129,
    "eval_BLEU_translation_length": 65629,
    "eval_ROUGE_rouge1": 44.3362,
    "eval_ROUGE_rouge2": 19.3707,
    "eval_ROUGE_rougeL": 41.4651,
    "eval_ROUGE_rougeLsum": 41.777,
    "eval_gen_len": 13.108805460750853,
    "eval_loss": 2.1882450580596924,
    "eval_runtime": 353.7676,
    "eval_samples": 7325,
    "eval_samples_per_second": 20.706,
    "eval_steps_per_second": 1.295,
    "predict_BLEU2_bleu": 0.17622791922613934,
    "predict_BLEU2_bleuP": 17.622791922613935,
    "predict_BLEU2_precisions": "[0.5488049732206893, 0.2014377234552721, 0.10061279780791663, 0.05427044932109019]",
    "predict_BLEU_bleu": 0.06750895794307218,
    "predict_BLEU_bleuP": 6.7509,
    "predict_BLEU_brevity_penalty": 0.4902082011074459,
    "predict_BLEU_length_ratio": 0.5837966954307092,
    "predict_BLEU_precisions": "[0.5015106149489913, 0.1781424591636347, 0.08746330362881512, 0.04603094347254525]",
    "predict_BLEU_reference_length": 126431,
    "predict_BLEU_translation_length": 73810,
    "predict_ROUGE_rouge1": 42.4023,
    "predict_ROUGE_rouge2": 16.9164,
    "predict_ROUGE_rougeL": 39.4415,
    "predict_ROUGE_rougeLsum": 39.779,
    "predict_gen_len": 12.884141836985965,
    "predict_loss": 2.3597333431243896,
    "predict_runtime": 404.3235,
    "predict_samples": 8122,
    "predict_samples_per_second": 20.088,
    "predict_steps_per_second": 1.256,
    "train_loss": 2.825726478691461,
    "train_runtime": 21490.4878,
    "train_samples": 167288,
    "train_samples_per_second": 23.353,
    "train_steps_per_second": 1.46
}