{
    "epoch": 6.0,
    "eval_BLEU2_bleu": 0.2917257413899668,
    "eval_BLEU2_bleuP": 29.172574138996684,
    "eval_BLEU2_precisions": "[0.6746316482558866, 0.4166406789603821, 0.29234864009123596, 0.21797065702693574]",
    "eval_BLEU_bleu": 0.24195572805903812,
    "eval_BLEU_bleuP": 24.1956,
    "eval_BLEU_brevity_penalty": 0.7458297684695478,
    "eval_BLEU_length_ratio": 0.7732409770324462,
    "eval_BLEU_precisions": "[0.5953802639849152, 0.35467980295566504, 0.25951940850277266, 0.2021082505574701]",
    "eval_BLEU_reference_length": 8229,
    "eval_BLEU_translation_length": 6363,
    "eval_ROUGE_rouge1": 50.4303,
    "eval_ROUGE_rouge2": 24.0101,
    "eval_ROUGE_rougeL": 47.1238,
    "eval_ROUGE_rougeLsum": 47.167,
    "eval_gen_len": 21.50524109014675,
    "eval_loss": 1.3142743110656738,
    "eval_runtime": 87.571,
    "eval_samples": 477,
    "eval_samples_per_second": 5.447,
    "eval_steps_per_second": 0.685,
    "predict_BLEU2_bleu": 0.2917257413899668,
    "predict_BLEU2_bleuP": 29.172574138996684,
    "predict_BLEU2_precisions": "[0.6746316482558866, 0.4166406789603821, 0.29234864009123596, 0.21797065702693574]",
    "predict_BLEU_bleu": 0.24195572805903812,
    "predict_BLEU_bleuP": 24.1956,
    "predict_BLEU_brevity_penalty": 0.7458297684695478,
    "predict_BLEU_length_ratio": 0.7732409770324462,
    "predict_BLEU_precisions": "[0.5953802639849152, 0.35467980295566504, 0.25951940850277266, 0.2021082505574701]",
    "predict_BLEU_reference_length": 8229,
    "predict_BLEU_translation_length": 6363,
    "predict_ROUGE_rouge1": 50.4303,
    "predict_ROUGE_rouge2": 24.0101,
    "predict_ROUGE_rougeL": 47.1238,
    "predict_ROUGE_rougeLsum": 47.167,
    "predict_gen_len": 21.50524109014675,
    "predict_loss": 1.3142743110656738,
    "predict_runtime": 87.5709,
    "predict_samples": 477,
    "predict_samples_per_second": 5.447,
    "predict_steps_per_second": 0.685,
    "train_loss": 1.505913460696185,
    "train_runtime": 2678.1153,
    "train_samples": 2300,
    "train_samples_per_second": 5.153,
    "train_steps_per_second": 0.645
}