{
    "epoch": 3.0,
    "eval_BLEU2_bleu": 0.1854338739733446,
    "eval_BLEU2_bleuP": 18.54338739733446,
    "eval_BLEU2_precisions": "[0.5291987663528211, 0.2045369608678688, 0.09699326832339836, 0.049766786261094466]",
    "eval_BLEU_bleu": 0.06710932731943907,
    "eval_BLEU_bleuP": 6.7109,
    "eval_BLEU_brevity_penalty": 0.4920450883083081,
    "eval_BLEU_length_ratio": 0.5850741988673023,
    "eval_BLEU_precisions": "[0.49172936015879626, 0.18504379070289692, 0.08554252488420223, 0.04445588060646847]",
    "eval_BLEU_reference_length": 69745,
    "eval_BLEU_translation_length": 40806,
    "eval_ROUGE_rouge1": 41.3095,
    "eval_ROUGE_rouge2": 18.1461,
    "eval_ROUGE_rougeL": 38.1873,
    "eval_ROUGE_rougeLsum": 38.4054,
    "eval_gen_len": 12.627821724869767,
    "eval_loss": 2.1598474979400635,
    "eval_runtime": 182.8566,
    "eval_samples": 5183,
    "eval_samples_per_second": 28.345,
    "eval_steps_per_second": 1.772,
    "predict_BLEU2_bleu": 0.1755190140948841,
    "predict_BLEU2_bleuP": 17.55190140948841,
    "predict_BLEU2_precisions": "[0.49146504345448516, 0.18007640134493888, 0.08159671819177264, 0.043097240437764445]",
    "predict_BLEU_bleu": 0.06131389992695215,
    "predict_BLEU_bleuP": 6.1314,
    "predict_BLEU_brevity_penalty": 0.5424435142866695,
    "predict_BLEU_length_ratio": 0.6204739065072661,
    "predict_BLEU_precisions": "[0.4456302278627055, 0.15732963549920762, 0.06816953601482283, 0.034154046269627425]",
    "predict_BLEU_reference_length": 139690,
    "predict_BLEU_translation_length": 86674,
    "predict_ROUGE_rouge1": 39.7757,
    "predict_ROUGE_rouge2": 16.2609,
    "predict_ROUGE_rougeL": 36.5394,
    "predict_ROUGE_rougeLsum": 36.747,
    "predict_gen_len": 12.824189867640348,
    "predict_loss": 2.303588628768921,
    "predict_runtime": 401.1808,
    "predict_samples": 10955,
    "predict_samples_per_second": 27.307,
    "predict_steps_per_second": 1.707,
    "train_loss": 2.3544157494735076,
    "train_runtime": 23537.0625,
    "train_samples": 164923,
    "train_samples_per_second": 21.021,
    "train_steps_per_second": 1.314
}