{
    "epoch": 3.0,
    "eval_BLEU2_bleu": 0.20953255926773767,
    "eval_BLEU2_bleuP": 20.953255926773767,
    "eval_BLEU2_precisions": "[0.6395884764453197, 0.37791130455334887, 0.26506287678383333, 0.19013511003836206]",
    "eval_BLEU_bleu": 0.16311425362203683,
    "eval_BLEU_bleuP": 16.3114,
    "eval_BLEU_brevity_penalty": 0.9267060776057415,
    "eval_BLEU_length_ratio": 0.9292654028436019,
    "eval_BLEU_precisions": "[0.40374808771035187, 0.20198181077779287, 0.12987389476735758, 0.09062645732939531]",
    "eval_BLEU_reference_length": 8440,
    "eval_BLEU_translation_length": 7843,
    "eval_ROUGE_rouge1": 42.4289,
    "eval_ROUGE_rouge2": 19.6026,
    "eval_ROUGE_rougeL": 39.955,
    "eval_ROUGE_rougeLsum": 40.0733,
    "eval_gen_len": 19.10272536687631,
    "eval_loss": 3.1551389694213867,
    "eval_runtime": 82.4862,
    "eval_samples": 477,
    "eval_samples_per_second": 5.783,
    "eval_steps_per_second": 0.727,
    "predict_BLEU2_bleu": 0.20953255926773767,
    "predict_BLEU2_bleuP": 20.953255926773767,
    "predict_BLEU2_precisions": "[0.6395884764453197, 0.37791130455334887, 0.26506287678383333, 0.19013511003836206]",
    "predict_BLEU_bleu": 0.16311425362203683,
    "predict_BLEU_bleuP": 16.3114,
    "predict_BLEU_brevity_penalty": 0.9267060776057415,
    "predict_BLEU_length_ratio": 0.9292654028436019,
    "predict_BLEU_precisions": "[0.40374808771035187, 0.20198181077779287, 0.12987389476735758, 0.09062645732939531]",
    "predict_BLEU_reference_length": 8440,
    "predict_BLEU_translation_length": 7843,
    "predict_ROUGE_rouge1": 42.4289,
    "predict_ROUGE_rouge2": 19.6026,
    "predict_ROUGE_rougeL": 39.955,
    "predict_ROUGE_rougeLsum": 40.0733,
    "predict_gen_len": 19.10272536687631,
    "predict_loss": 3.1551389694213867,
    "predict_runtime": 82.461,
    "predict_samples": 477,
    "predict_samples_per_second": 5.785,
    "predict_steps_per_second": 0.728,
    "train_loss": 4.248017805593985,
    "train_runtime": 653.9966,
    "train_samples": 2300,
    "train_samples_per_second": 10.551,
    "train_steps_per_second": 1.321
}