{
    "epoch": 3.0,
    "eval_BLEU2_bleu": 0.20277441653626088,
    "eval_BLEU2_bleuP": 20.277441653626088,
    "eval_BLEU2_precisions": "[0.4533335701031159, 0.13817267223946747, 0.04820667023071707, 0.017089159235977928]",
    "eval_BLEU_bleu": 0.04354091691413667,
    "eval_BLEU_bleuP": 4.3541,
    "eval_BLEU_brevity_penalty": 0.5570475850142008,
    "eval_BLEU_length_ratio": 0.6308731881520901,
    "eval_BLEU_precisions": "[0.40401237565381465, 0.11858871308909383, 0.04334821622090251, 0.017972638669488242]",
    "eval_BLEU_reference_length": 114248,
    "eval_BLEU_translation_length": 72076,
    "eval_ROUGE_rouge1": 40.2755,
    "eval_ROUGE_rouge2": 13.4534,
    "eval_ROUGE_rougeL": 37.9946,
    "eval_ROUGE_rougeLsum": 38.0661,
    "eval_gen_len": 9.356878755199507,
    "eval_loss": 2.614964008331299,
    "eval_runtime": 606.6888,
    "eval_samples": 12982,
    "eval_samples_per_second": 21.398,
    "eval_steps_per_second": 1.338,
    "predict_BLEU2_bleu": 0.2035663495162532,
    "predict_BLEU2_bleuP": 20.356634951625317,
    "predict_BLEU2_precisions": "[0.4743602772237779, 0.14491585482023595, 0.05203314596064706, 0.01835388379915283]",
    "predict_BLEU_bleu": 0.04287160516279126,
    "predict_BLEU_bleuP": 4.2872,
    "predict_BLEU_brevity_penalty": 0.5172010534725842,
    "predict_BLEU_length_ratio": 0.6026552041366621,
    "predict_BLEU_precisions": "[0.4243660433472385, 0.126046759281669, 0.04606181871235332, 0.019161432891370084]",
    "predict_BLEU_reference_length": 126092,
    "predict_BLEU_translation_length": 75990,
    "predict_ROUGE_rouge1": 41.0389,
    "predict_ROUGE_rouge2": 13.5954,
    "predict_ROUGE_rougeL": 38.6498,
    "predict_ROUGE_rougeLsum": 38.7184,
    "predict_gen_len": 9.203296703296703,
    "predict_loss": 2.570175886154175,
    "predict_runtime": 644.4502,
    "predict_samples": 14014,
    "predict_samples_per_second": 21.746,
    "predict_steps_per_second": 1.359,
    "train_loss": 2.9862282321166047,
    "train_runtime": 30377.5682,
    "train_samples": 241241,
    "train_samples_per_second": 23.824,
    "train_steps_per_second": 1.489
}