{
    "epoch": 1.0,
    "peak_memory": 14.76477294921875,
    "total_gpu_time": 502.7505,
    "train_loss": 0.343787058671611,
    "train_runtime": 30164.9518,
    "train_samples": 400148,
    "train_samples_per_second": 13.265,
    "train_steps_per_second": 1.658
}