{
    "epoch": 3.0,
    "eval_BLEU2_bleu": 0.10895219470155705,
    "eval_BLEU2_bleuP": 10.895219470155705,
    "eval_BLEU2_precisions": "[0.32677654278575397, 0.05729817926025368, 0.01709484618286033, 0.006904195011337868]",
    "eval_BLEU_bleu": 0.01481904642229744,
    "eval_BLEU_bleuP": 1.4819,
    "eval_BLEU_brevity_penalty": 0.5444226263832899,
    "eval_BLEU_length_ratio": 0.6218791589033803,
    "eval_BLEU_precisions": "[0.2623469999144055, 0.04443796188253598, 0.011478730587440918, 0.004102156940584888]",
    "eval_BLEU_reference_length": 18785,
    "eval_BLEU_translation_length": 11682,
    "eval_ROUGE_rouge1": 25.0123,
    "eval_ROUGE_rouge2": 6.1235,
    "eval_ROUGE_rougeL": 22.6249,
    "eval_ROUGE_rougeLsum": 22.7755,
    "eval_gen_len": 14.217142857142857,
    "eval_loss": 3.2757608890533447,
    "eval_runtime": 112.1861,
    "eval_samples": 1400,
    "eval_samples_per_second": 12.479,
    "eval_steps_per_second": 0.784,
    "predict_BLEU2_bleu": 0.09956858701331794,
    "predict_BLEU2_bleuP": 9.956858701331795,
    "predict_BLEU2_precisions": "[0.30234570382497766, 0.04947168337672468, 0.01174802245122743, 0.00427696587490402]",
    "predict_BLEU_bleu": 0.014127859296218806,
    "predict_BLEU_bleuP": 1.4128,
    "predict_BLEU_brevity_penalty": 0.5457598840301265,
    "predict_BLEU_length_ratio": 0.6228293723700586,
    "predict_BLEU_precisions": "[0.24576593720266413, 0.04075235109717868, 0.010503938977116418, 0.004268472181336473]",
    "predict_BLEU_reference_length": 16873,
    "predict_BLEU_translation_length": 10509,
    "predict_ROUGE_rouge1": 23.2546,
    "predict_ROUGE_rouge2": 4.8404,
    "predict_ROUGE_rougeL": 20.7815,
    "predict_ROUGE_rougeLsum": 21.0393,
    "predict_gen_len": 14.376685170499604,
    "predict_loss": 3.381889581680298,
    "predict_runtime": 101.2743,
    "predict_samples": 1261,
    "predict_samples_per_second": 12.451,
    "predict_steps_per_second": 0.78,
    "train_loss": 3.9986912568614277,
    "train_runtime": 4185.7882,
    "train_samples": 24927,
    "train_samples_per_second": 17.865,
    "train_steps_per_second": 1.117
}