{
    "epoch": 6.0,
    "eval_BLEU2_bleu": 0.13092625737133035,
    "eval_BLEU2_bleuP": 13.092625737133034,
    "eval_BLEU2_precisions": "[0.5053348254575056, 0.26830134474339973, 0.201112707761357, 0.12813625207432464]",
    "eval_BLEU_bleu": 0.06240517308618534,
    "eval_BLEU_bleuP": 6.2405,
    "eval_BLEU_brevity_penalty": 1.0,
    "eval_BLEU_length_ratio": 1.4605662899501761,
    "eval_BLEU_precisions": "[0.15856905158069884, 0.06757342112102573, 0.044282106782106784, 0.03196389959575068]",
    "eval_BLEU_reference_length": 8229,
    "eval_BLEU_translation_length": 12019,
    "eval_ROUGE_rouge1": 31.2984,
    "eval_ROUGE_rouge2": 11.1513,
    "eval_ROUGE_rougeL": 28.6327,
    "eval_ROUGE_rougeLsum": 28.6451,
    "eval_gen_len": 38.35220125786164,
    "eval_loss": 2.8799500465393066,
    "eval_runtime": 72.7156,
    "eval_samples": 477,
    "eval_samples_per_second": 6.56,
    "eval_steps_per_second": 0.413,
    "predict_BLEU2_bleu": 0.13092625737133035,
    "predict_BLEU2_bleuP": 13.092625737133034,
    "predict_BLEU2_precisions": "[0.5053348254575056, 0.26830134474339973, 0.201112707761357, 0.12813625207432464]",
    "predict_BLEU_bleu": 0.06240517308618534,
    "predict_BLEU_bleuP": 6.2405,
    "predict_BLEU_brevity_penalty": 1.0,
    "predict_BLEU_length_ratio": 1.4605662899501761,
    "predict_BLEU_precisions": "[0.15856905158069884, 0.06757342112102573, 0.044282106782106784, 0.03196389959575068]",
    "predict_BLEU_reference_length": 8229,
    "predict_BLEU_translation_length": 12019,
    "predict_ROUGE_rouge1": 31.2984,
    "predict_ROUGE_rouge2": 11.1513,
    "predict_ROUGE_rougeL": 28.6327,
    "predict_ROUGE_rougeLsum": 28.6451,
    "predict_gen_len": 38.35220125786164,
    "predict_loss": 2.8799500465393066,
    "predict_runtime": 72.7616,
    "predict_samples": 477,
    "predict_samples_per_second": 6.556,
    "predict_steps_per_second": 0.412,
    "train_loss": 3.7471386944806135,
    "train_runtime": 1174.4912,
    "train_samples": 2300,
    "train_samples_per_second": 11.75,
    "train_steps_per_second": 0.736
}