{
    "epoch": 3.0,
    "eval_BLEU2_bleu": 0.2597376883818396,
    "eval_BLEU2_bleuP": 25.973768838183958,
    "eval_BLEU2_precisions": "[0.5179242753855677, 0.22086101645025213, 0.1164799730545802, 0.06216197723146212]",
    "eval_BLEU_bleu": 0.1141884292441087,
    "eval_BLEU_bleuP": 11.4188,
    "eval_BLEU_brevity_penalty": 0.7044459504542082,
    "eval_BLEU_length_ratio": 0.7405522175285773,
    "eval_BLEU_precisions": "[0.47290227339828755, 0.20054956550848757, 0.10776515474101957, 0.06755013230116556]",
    "eval_BLEU_reference_length": 114339,
    "eval_BLEU_translation_length": 84674,
    "eval_ROUGE_rouge1": 48.0979,
    "eval_ROUGE_rouge2": 21.6538,
    "eval_ROUGE_rougeL": 45.3305,
    "eval_ROUGE_rougeLsum": 45.4142,
    "eval_gen_len": 8.757741488214451,
    "eval_loss": 2.202169418334961,
    "eval_runtime": 404.0348,
    "eval_samples": 12982,
    "eval_samples_per_second": 32.131,
    "eval_steps_per_second": 2.01,
    "predict_BLEU2_bleu": 0.25137227531744405,
    "predict_BLEU2_bleuP": 25.137227531744404,
    "predict_BLEU2_precisions": "[0.530648503968292, 0.2193967935419757, 0.10935175861069958, 0.05488348114574282]",
    "predict_BLEU_bleu": 0.10199754792790794,
    "predict_BLEU_bleuP": 10.1998,
    "predict_BLEU_brevity_penalty": 0.6818927222764987,
    "predict_BLEU_length_ratio": 0.7231270100283582,
    "predict_BLEU_precisions": "[0.47847518895826485, 0.19374708835861068, 0.09667731023363156, 0.05585673387342389]",
    "predict_BLEU_reference_length": 126242,
    "predict_BLEU_translation_length": 91289,
    "predict_ROUGE_rouge1": 48.0401,
    "predict_ROUGE_rouge2": 20.9485,
    "predict_ROUGE_rougeL": 45.1645,
    "predict_ROUGE_rougeLsum": 45.2532,
    "predict_gen_len": 8.688454402740117,
    "predict_loss": 2.1996042728424072,
    "predict_runtime": 432.7029,
    "predict_samples": 14014,
    "predict_samples_per_second": 32.387,
    "predict_steps_per_second": 2.024,
    "train_loss": 2.1526748192385705,
    "train_runtime": 35924.6538,
    "train_samples": 241241,
    "train_samples_per_second": 20.146,
    "train_steps_per_second": 1.259
}