{
    "epoch": 3.0,
    "eval_BLEU2_bleu": 0.06887251263418531,
    "eval_BLEU2_bleuP": 6.887251263418531,
    "eval_BLEU2_precisions": "[0.22411510319705502, 0.025950019168372293, 0.004451067402340933, 0.0008672496138803416]",
    "eval_BLEU_bleu": 0.005632999584441296,
    "eval_BLEU_bleuP": 0.5633,
    "eval_BLEU_brevity_penalty": 0.5814915701560864,
    "eval_BLEU_length_ratio": 0.6484416504338587,
    "eval_BLEU_precisions": "[0.15193719064686806, 0.01839705026198331, 0.0036712034383954155, 0.0008581524482584554]",
    "eval_BLEU_reference_length": 45176,
    "eval_BLEU_translation_length": 29294,
    "eval_ROUGE_rouge1": 12.5428,
    "eval_ROUGE_rouge2": 2.1738,
    "eval_ROUGE_rougeL": 11.5197,
    "eval_ROUGE_rougeLsum": 11.574,
    "eval_gen_len": 27.136679536679537,
    "eval_loss": 3.4482803344726562,
    "eval_runtime": 546.1065,
    "eval_samples": 3885,
    "eval_samples_per_second": 7.114,
    "eval_steps_per_second": 0.445,
    "predict_BLEU2_bleu": 0.07013979658576636,
    "predict_BLEU2_bleuP": 7.013979658576636,
    "predict_BLEU2_precisions": "[0.24947160821299594, 0.026181078052991295, 0.0052109551881657605, 0.0017227117728485094]",
    "predict_BLEU_bleu": 0.004917698942971666,
    "predict_BLEU_bleuP": 0.4918,
    "predict_BLEU_brevity_penalty": 0.5126334515952463,
    "predict_BLEU_length_ratio": 0.5994505884860397,
    "predict_BLEU_precisions": "[0.16259777198388245, 0.018718373561416864, 0.0034445529792812707, 0.0008078010501413652]",
    "predict_BLEU_reference_length": 42227,
    "predict_BLEU_translation_length": 25313,
    "predict_ROUGE_rouge1": 12.3404,
    "predict_ROUGE_rouge2": 2.2289,
    "predict_ROUGE_rougeL": 11.2663,
    "predict_ROUGE_rougeLsum": 11.3739,
    "predict_gen_len": 28.35126101488909,
    "predict_loss": 3.4135725498199463,
    "predict_runtime": 461.5715,
    "predict_samples": 3291,
    "predict_samples_per_second": 7.13,
    "predict_steps_per_second": 0.446,
    "train_loss": 3.8819311615430565,
    "train_runtime": 12356.1925,
    "train_samples": 58025,
    "train_samples_per_second": 14.088,
    "train_steps_per_second": 0.881
}