{
    "epoch": 3.0,
    "eval_BLEU2_bleu": 0.15828221386504568,
    "eval_BLEU2_bleuP": 15.828221386504568,
    "eval_BLEU2_precisions": "[0.4621265247879305, 0.1564920357420357, 0.05929337259379282, 0.025889017728303442]",
    "eval_BLEU_bleu": 0.03416098225082629,
    "eval_BLEU_bleuP": 3.4161,
    "eval_BLEU_brevity_penalty": 0.3927256956042239,
    "eval_BLEU_length_ratio": 0.5168909932436027,
    "eval_BLEU_precisions": "[0.4083564886281774, 0.13009498617289889, 0.04843140089634235, 0.022250361794500722]",
    "eval_BLEU_reference_length": 18797,
    "eval_BLEU_translation_length": 9716,
    "eval_ROUGE_rouge1": 37.0693,
    "eval_ROUGE_rouge2": 13.7368,
    "eval_ROUGE_rougeL": 33.7742,
    "eval_ROUGE_rougeLsum": 33.9682,
    "eval_gen_len": 9.256428571428572,
    "eval_loss": 2.8320436477661133,
    "eval_runtime": 56.4608,
    "eval_samples": 1400,
    "eval_samples_per_second": 24.796,
    "eval_steps_per_second": 1.559,
    "predict_BLEU2_bleu": 0.14792407634872518,
    "predict_BLEU2_bleuP": 14.792407634872518,
    "predict_BLEU2_precisions": "[0.4261342372786491, 0.1320767151322965, 0.05181389939450049, 0.021791753492784418]",
    "predict_BLEU_bleu": 0.03220360526732736,
    "predict_BLEU_bleuP": 3.2204,
    "predict_BLEU_brevity_penalty": 0.4154204633968788,
    "predict_BLEU_length_ratio": 0.5323498044792037,
    "predict_BLEU_precisions": "[0.3822612953483196, 0.11585760517799353, 0.04424504950495049, 0.01842964100595124]",
    "predict_BLEU_reference_length": 16878,
    "predict_BLEU_translation_length": 8985,
    "predict_ROUGE_rouge1": 34.5384,
    "predict_ROUGE_rouge2": 11.9077,
    "predict_ROUGE_rougeL": 31.1771,
    "predict_ROUGE_rougeLsum": 31.4202,
    "predict_gen_len": 9.421094369547978,
    "predict_loss": 2.9704504013061523,
    "predict_runtime": 53.3062,
    "predict_samples": 1261,
    "predict_samples_per_second": 23.656,
    "predict_steps_per_second": 1.482,
    "train_loss": 3.5579650121516635,
    "train_runtime": 3133.808,
    "train_samples": 24927,
    "train_samples_per_second": 23.863,
    "train_steps_per_second": 1.491
}