{
    "epoch": 3.0,
    "eval_BLEU2_bleu": 0.15477061689447694,
    "eval_BLEU2_bleuP": 15.477061689447694,
    "eval_BLEU2_precisions": "[0.45329044379395383, 0.10888301655180976, 0.03840127452105222, 0.016410979897396465]",
    "eval_BLEU_bleu": 0.030204591346962097,
    "eval_BLEU_bleuP": 3.0205,
    "eval_BLEU_brevity_penalty": 0.42075888017786406,
    "eval_BLEU_length_ratio": 0.5359931915301677,
    "eval_BLEU_precisions": "[0.39677073083460057, 0.09588442490532059, 0.036717798879961044, 0.0190105359596885]",
    "eval_BLEU_reference_length": 166851,
    "eval_BLEU_translation_length": 89431,
    "eval_ROUGE_rouge1": 31.6818,
    "eval_ROUGE_rouge2": 9.3483,
    "eval_ROUGE_rougeL": 29.1285,
    "eval_ROUGE_rougeLsum": 29.2574,
    "eval_gen_len": 11.550309041253414,
    "eval_loss": 2.872690439224243,
    "eval_runtime": 680.6855,
    "eval_samples": 13914,
    "eval_samples_per_second": 20.441,
    "eval_steps_per_second": 1.278,
    "predict_BLEU2_bleu": 0.15917180517587468,
    "predict_BLEU2_bleuP": 15.917180517587468,
    "predict_BLEU2_precisions": "[0.4640806146856205, 0.11382218789875478, 0.03899813132451554, 0.01596764072483018]",
    "predict_BLEU_bleu": 0.03235060021181015,
    "predict_BLEU_bleuP": 3.2351,
    "predict_BLEU_brevity_penalty": 0.4531408831961379,
    "predict_BLEU_length_ratio": 0.5581751953469244,
    "predict_BLEU_precisions": "[0.4046080330077467, 0.0990635535023099, 0.03607211354046797, 0.017967034054257276]",
    "predict_BLEU_reference_length": 170210,
    "predict_BLEU_translation_length": 95007,
    "predict_ROUGE_rouge1": 32.7955,
    "predict_ROUGE_rouge2": 9.7454,
    "predict_ROUGE_rougeL": 30.1346,
    "predict_ROUGE_rougeLsum": 30.2433,
    "predict_gen_len": 11.319949054833087,
    "predict_loss": 2.8203790187835693,
    "predict_runtime": 700.418,
    "predict_samples": 14918,
    "predict_samples_per_second": 21.299,
    "predict_steps_per_second": 1.332,
    "train_loss": 3.20277583914427,
    "train_runtime": 32879.9312,
    "train_samples": 251820,
    "train_samples_per_second": 22.976,
    "train_steps_per_second": 1.436
}