{
    "epoch": 3.0,
    "eval_BLEU2_bleu": 0.16030664806619824,
    "eval_BLEU2_bleuP": 16.030664806619825,
    "eval_BLEU2_precisions": "[0.4495578420320672, 0.15113235195010388, 0.06261010942838682, 0.02668537414965987]",
    "eval_BLEU_bleu": 0.03906674757523447,
    "eval_BLEU_bleuP": 3.9067,
    "eval_BLEU_brevity_penalty": 0.46056021417050674,
    "eval_BLEU_length_ratio": 0.5632813746874501,
    "eval_BLEU_precisions": "[0.401832089904618, 0.12536728697355534, 0.04865836435999486, 0.02112015018773467]",
    "eval_BLEU_reference_length": 18797,
    "eval_BLEU_translation_length": 10588,
    "eval_ROUGE_rouge1": 37.1562,
    "eval_ROUGE_rouge2": 13.7059,
    "eval_ROUGE_rougeL": 33.793,
    "eval_ROUGE_rougeLsum": 34.0211,
    "eval_gen_len": 9.897142857142857,
    "eval_loss": 2.7943460941314697,
    "eval_runtime": 46.1771,
    "eval_samples": 1400,
    "eval_samples_per_second": 30.318,
    "eval_steps_per_second": 1.906,
    "predict_BLEU2_bleu": 0.14726747801607767,
    "predict_BLEU2_bleuP": 14.726747801607768,
    "predict_BLEU2_precisions": "[0.4153685162943365, 0.13431239214172916, 0.05535113071790315, 0.02430735402583142]",
    "predict_BLEU_bleu": 0.03580824277617633,
    "predict_BLEU_bleuP": 3.5808,
    "predict_BLEU_brevity_penalty": 0.4670850727137551,
    "predict_BLEU_length_ratio": 0.5677805427183316,
    "predict_BLEU_precisions": "[0.37197412353923204, 0.11618406824462334, 0.044180118946474084, 0.018090971743625086]",
    "predict_BLEU_reference_length": 16878,
    "predict_BLEU_translation_length": 9583,
    "predict_ROUGE_rouge1": 34.6147,
    "predict_ROUGE_rouge2": 12.5182,
    "predict_ROUGE_rougeL": 31.3526,
    "predict_ROUGE_rougeLsum": 31.6403,
    "predict_gen_len": 9.89532117367169,
    "predict_loss": 2.97515869140625,
    "predict_runtime": 41.9612,
    "predict_samples": 1261,
    "predict_samples_per_second": 30.052,
    "predict_steps_per_second": 1.883,
    "train_loss": 2.704485846320737,
    "train_runtime": 3857.0368,
    "train_samples": 24927,
    "train_samples_per_second": 19.388,
    "train_steps_per_second": 1.212
}