{
    "epoch": 20.0,
    "eval_BLEU2_bleu": 0.28755918994573143,
    "eval_BLEU2_bleuP": 28.755918994573143,
    "eval_BLEU2_precisions": "[0.705289833401985, 0.45102175127868394, 0.3371910007376892, 0.2732632308874695]",
    "eval_BLEU_bleu": 0.23143262258564887,
    "eval_BLEU_bleuP": 23.1433,
    "eval_BLEU_brevity_penalty": 0.7722964808728803,
    "eval_BLEU_length_ratio": 0.7946682464454976,
    "eval_BLEU_precisions": "[0.5512820512820513, 0.3278767453057294, 0.23809523809523808, 0.18738158393330806]",
    "eval_BLEU_reference_length": 8440,
    "eval_BLEU_translation_length": 6707,
    "eval_ROUGE_rouge1": 49.5916,
    "eval_ROUGE_rouge2": 27.7619,
    "eval_ROUGE_rougeL": 47.5552,
    "eval_ROUGE_rougeLsum": 47.5618,
    "eval_gen_len": 16.42348008385744,
    "eval_loss": 1.4188567399978638,
    "eval_runtime": 71.3727,
    "eval_samples": 477,
    "eval_samples_per_second": 6.683,
    "eval_steps_per_second": 0.841,
    "predict_BLEU2_bleu": 0.28755918994573143,
    "predict_BLEU2_bleuP": 28.755918994573143,
    "predict_BLEU2_precisions": "[0.705289833401985, 0.45102175127868394, 0.3371910007376892, 0.2732632308874695]",
    "predict_BLEU_bleu": 0.23143262258564887,
    "predict_BLEU_bleuP": 23.1433,
    "predict_BLEU_brevity_penalty": 0.7722964808728803,
    "predict_BLEU_length_ratio": 0.7946682464454976,
    "predict_BLEU_precisions": "[0.5512820512820513, 0.3278767453057294, 0.23809523809523808, 0.18738158393330806]",
    "predict_BLEU_reference_length": 8440,
    "predict_BLEU_translation_length": 6707,
    "predict_ROUGE_rouge1": 49.5916,
    "predict_ROUGE_rouge2": 27.7619,
    "predict_ROUGE_rougeL": 47.5552,
    "predict_ROUGE_rougeLsum": 47.5618,
    "predict_gen_len": 16.42348008385744,
    "predict_loss": 1.4188567399978638,
    "predict_runtime": 71.5405,
    "predict_samples": 477,
    "predict_samples_per_second": 6.668,
    "predict_steps_per_second": 0.839,
    "train_loss": 2.1309812545776365,
    "train_runtime": 1085.4403,
    "train_samples": 2300,
    "train_samples_per_second": 42.379,
    "train_steps_per_second": 5.307
}