{
    "peak_memory": 38.06576513671875,
    "total_gpu_time": 2190.7182666666668
}