{
    "epoch": 3.0,
    "eval_BLEU2_bleu": 0.10028692565082699,
    "eval_BLEU2_bleuP": 10.028692565082698,
    "eval_BLEU2_precisions": "[0.31382666351232025, 0.07987690731565066, 0.02197031364464076, 0.007265641104926818]",
    "eval_BLEU_bleu": 0.015323338924271564,
    "eval_BLEU_bleuP": 1.5323,
    "eval_BLEU_brevity_penalty": 0.9322069776494739,
    "eval_BLEU_length_ratio": 0.9344044262382295,
    "eval_BLEU_precisions": "[0.1460859664104754, 0.030312403340550572, 0.007377825910383106, 0.0022346368715083797]",
    "eval_BLEU_reference_length": 18797,
    "eval_BLEU_translation_length": 17564,
    "eval_ROUGE_rouge1": 23.2129,
    "eval_ROUGE_rouge2": 5.6781,
    "eval_ROUGE_rougeL": 20.6927,
    "eval_ROUGE_rougeLsum": 20.8934,
    "eval_gen_len": 18.302857142857142,
    "eval_loss": 4.573603630065918,
    "eval_runtime": 143.3468,
    "eval_samples": 1400,
    "eval_samples_per_second": 9.767,
    "eval_steps_per_second": 0.614,
    "predict_BLEU2_bleu": 0.08818548199730575,
    "predict_BLEU2_bleuP": 8.818548199730575,
    "predict_BLEU2_precisions": "[0.2879140040252531, 0.06422711547000814, 0.020604529654940577, 0.006346738508973994]",
    "predict_BLEU_bleu": 0.012220520021818811,
    "predict_BLEU_bleuP": 1.2221,
    "predict_BLEU_brevity_penalty": 1.0,
    "predict_BLEU_length_ratio": 1.046451001303472,
    "predict_BLEU_precisions": "[0.12370491988903358, 0.022497256432142423, 0.005874587458745874, 0.0013641585295807008]",
    "predict_BLEU_reference_length": 16878,
    "predict_BLEU_translation_length": 17662,
    "predict_ROUGE_rouge1": 21.2558,
    "predict_ROUGE_rouge2": 4.6655,
    "predict_ROUGE_rougeL": 19.0297,
    "predict_ROUGE_rougeLsum": 19.3068,
    "predict_gen_len": 20.16415543219667,
    "predict_loss": 4.724275588989258,
    "predict_runtime": 133.1913,
    "predict_samples": 1261,
    "predict_samples_per_second": 9.468,
    "predict_steps_per_second": 0.593,
    "train_loss": 6.579614550321593,
    "train_runtime": 4127.1399,
    "train_samples": 24927,
    "train_samples_per_second": 18.119,
    "train_steps_per_second": 1.133
}