{
    "epoch": 6.0,
    "eval_BLEU2_bleu": 0.1876348255221692,
    "eval_BLEU2_bleuP": 18.76348255221692,
    "eval_BLEU2_precisions": "[0.6058074316352019, 0.3275345361818733, 0.21992667303953678, 0.1541588660009406]",
    "eval_BLEU_bleu": 0.14163241491870102,
    "eval_BLEU_bleuP": 14.1632,
    "eval_BLEU_brevity_penalty": 0.8402448677593047,
    "eval_BLEU_length_ratio": 0.8517438327864868,
    "eval_BLEU_precisions": "[0.3706134094151213, 0.1818460125516608, 0.12497936272081889, 0.09584378359011107]",
    "eval_BLEU_reference_length": 8229,
    "eval_BLEU_translation_length": 7009,
    "eval_ROUGE_rouge1": 39.5437,
    "eval_ROUGE_rouge2": 15.1914,
    "eval_ROUGE_rougeL": 36.4329,
    "eval_ROUGE_rougeLsum": 36.4017,
    "eval_gen_len": 24.044025157232703,
    "eval_loss": 2.160525321960449,
    "eval_runtime": 184.2458,
    "eval_samples": 477,
    "eval_samples_per_second": 2.589,
    "eval_steps_per_second": 0.326,
    "predict_BLEU2_bleu": 0.1876348255221692,
    "predict_BLEU2_bleuP": 18.76348255221692,
    "predict_BLEU2_precisions": "[0.6058074316352019, 0.3275345361818733, 0.21992667303953678, 0.1541588660009406]",
    "predict_BLEU_bleu": 0.14163241491870102,
    "predict_BLEU_bleuP": 14.1632,
    "predict_BLEU_brevity_penalty": 0.8402448677593047,
    "predict_BLEU_length_ratio": 0.8517438327864868,
    "predict_BLEU_precisions": "[0.3706134094151213, 0.1818460125516608, 0.12497936272081889, 0.09584378359011107]",
    "predict_BLEU_reference_length": 8229,
    "predict_BLEU_translation_length": 7009,
    "predict_ROUGE_rouge1": 39.5437,
    "predict_ROUGE_rouge2": 15.1914,
    "predict_ROUGE_rougeL": 36.4329,
    "predict_ROUGE_rougeLsum": 36.4017,
    "predict_gen_len": 24.044025157232703,
    "predict_loss": 2.160525321960449,
    "predict_runtime": 184.3131,
    "predict_samples": 477,
    "predict_samples_per_second": 2.588,
    "predict_steps_per_second": 0.326,
    "train_loss": 2.802848074171278,
    "train_runtime": 3197.2501,
    "train_samples": 2300,
    "train_samples_per_second": 4.316,
    "train_steps_per_second": 0.54
}