{
    "epoch": 6.0,
    "eval_BLEU2_bleu": 0.24522073094748748,
    "eval_BLEU2_bleuP": 24.522073094748748,
    "eval_BLEU2_precisions": "[0.6635206022803357, 0.377813820417882, 0.2493224744529119, 0.18426765958742047]",
    "eval_BLEU_bleu": 0.18055480348814087,
    "eval_BLEU_bleuP": 18.0555,
    "eval_BLEU_brevity_penalty": 0.6455639344166894,
    "eval_BLEU_length_ratio": 0.6955887714181553,
    "eval_BLEU_precisions": "[0.5526637554585153, 0.2997332317073171, 0.21609725424439322, 0.17093619003260363]",
    "eval_BLEU_reference_length": 8229,
    "eval_BLEU_translation_length": 5724,
    "eval_ROUGE_rouge1": 45.4064,
    "eval_ROUGE_rouge2": 18.2918,
    "eval_ROUGE_rougeL": 41.7282,
    "eval_ROUGE_rougeLsum": 41.6523,
    "eval_gen_len": 20.18029350104822,
    "eval_loss": 1.751044511795044,
    "eval_runtime": 28.9935,
    "eval_samples": 477,
    "eval_samples_per_second": 16.452,
    "eval_steps_per_second": 1.035,
    "predict_BLEU2_bleu": 0.24522073094748748,
    "predict_BLEU2_bleuP": 24.522073094748748,
    "predict_BLEU2_precisions": "[0.6635206022803357, 0.377813820417882, 0.2493224744529119, 0.18426765958742047]",
    "predict_BLEU_bleu": 0.18055480348814087,
    "predict_BLEU_bleuP": 18.0555,
    "predict_BLEU_brevity_penalty": 0.6455639344166894,
    "predict_BLEU_length_ratio": 0.6955887714181553,
    "predict_BLEU_precisions": "[0.5526637554585153, 0.2997332317073171, 0.21609725424439322, 0.17093619003260363]",
    "predict_BLEU_reference_length": 8229,
    "predict_BLEU_translation_length": 5724,
    "predict_ROUGE_rouge1": 45.4064,
    "predict_ROUGE_rouge2": 18.2918,
    "predict_ROUGE_rougeL": 41.7282,
    "predict_ROUGE_rougeLsum": 41.6523,
    "predict_gen_len": 20.18029350104822,
    "predict_loss": 1.751044511795044,
    "predict_runtime": 30.0232,
    "predict_samples": 477,
    "predict_samples_per_second": 15.888,
    "predict_steps_per_second": 0.999,
    "train_loss": 2.296492823848018,
    "train_runtime": 912.4391,
    "train_samples": 2300,
    "train_samples_per_second": 15.124,
    "train_steps_per_second": 0.947
}