{
    "epoch": 1.0,
    "eval_BLEU2_bleu": 0.5865539589055465,
    "eval_BLEU2_bleuP": 58.65539589055465,
    "eval_BLEU2_precisions": "[0.6699258852121287, 0.6058624814568051, 0.5598357852962907, 0.5166457039385209]",
    "eval_BLEU_bleu": 0.10842304882898014,
    "eval_BLEU_bleuP": 10.8423,
    "eval_BLEU_brevity_penalty": 1.0,
    "eval_BLEU_length_ratio": 6.885833987954962,
    "eval_BLEU_precisions": "[0.13151440250974428, 0.11438952098671001, 0.10166362150206751, 0.09035690105426057]",
    "eval_BLEU_reference_length": 7638,
    "eval_BLEU_translation_length": 52594,
    "eval_ROUGE_rouge1": 64.0569,
    "eval_ROUGE_rouge2": 55.0278,
    "eval_ROUGE_rougeL": 63.267,
    "eval_ROUGE_rougeLsum": 64.1293,
    "eval_gen_len": 749.0,
    "eval_loss": 0.40004998445510864,
    "eval_runtime": 23.3347,
    "eval_samples": 300,
    "eval_samples_per_second": 12.856,
    "eval_steps_per_second": 3.214,
    "generate_BLEU2_bleu": 0.6866666666666666,
    "generate_BLEU2_bleuP": 68.66666666666667,
    "generate_BLEU2_precisions": "[9.607353139876e-312, 9.62062466229e-312, 9.63393294318e-312, 9.647278135655e-312]",
    "generate_BLEU_bleu": -1.0,
    "generate_BLEU_bleuP": -1.0,
    "generate_BLEU_brevity_penalty": -1.0,
    "generate_BLEU_length_ratio": -1.0,
    "generate_BLEU_precisions": -1.0,
    "generate_BLEU_reference_length": -1.0,
    "generate_BLEU_translation_length": -1.0,
    "generate_ROUGE_rouge1": 0.0,
    "generate_ROUGE_rouge2": 0.0,
    "generate_ROUGE_rougeL": 0.0,
    "generate_ROUGE_rougeLsum": 0.0,
    "generate_gen_len": 750.0,
    "generate_loss": 0.41975030303001404,
    "generate_runtime": 22.6856,
    "generate_samples": 300,
    "generate_samples_per_second": 13.224,
    "generate_steps_per_second": 3.306,
    "peak_memory": 24.29381201171875,
    "predict_BLEU2_bleu": 0.5347316713032843,
    "predict_BLEU2_bleuP": 53.47316713032843,
    "predict_BLEU2_precisions": "[0.6188524724124874, 0.5563240480390222, 0.5059410456580635, 0.45483589320247214]",
    "predict_BLEU_bleu": 0.08436839272846651,
    "predict_BLEU_bleuP": 8.4368,
    "predict_BLEU_brevity_penalty": 1.0,
    "predict_BLEU_length_ratio": 8.595008273579703,
    "predict_BLEU_precisions": "[0.10516267727651929, 0.09022762445189579, 0.07841962029417482, 0.06809154837869515]",
    "predict_BLEU_reference_length": 7252,
    "predict_BLEU_translation_length": 62331,
    "predict_ROUGE_rouge1": 59.8194,
    "predict_ROUGE_rouge2": 49.9575,
    "predict_ROUGE_rougeL": 59.2736,
    "predict_ROUGE_rougeLsum": 59.6888,
    "predict_gen_len": 749.0,
    "predict_loss": 0.39046549797058105,
    "predict_runtime": 23.4818,
    "predict_samples": 300,
    "predict_samples_per_second": 12.776,
    "predict_steps_per_second": 3.194,
    "total_flos": 8.44319719305216e+17,
    "total_gpu_time": 87.69208333333333,
    "train_loss": 0.4202184013910264,
    "train_runtime": 5261.3817,
    "train_samples": 28182,
    "train_samples_per_second": 5.356,
    "train_steps_per_second": 1.339
}