{
    "peak_memory": 24.29381201171875,
    "total_gpu_time": 87.69208333333333
}