{
    "epoch": 6.0,
    "eval_BLEU2_bleu": 0.045054953312188575,
    "eval_BLEU2_bleuP": 4.5054953312188575,
    "eval_BLEU2_precisions": "[0.08487613777830039, 0.03134665801672551, 0.02040670938532173, 0.013496057426165393]",
    "eval_BLEU_bleu": 0.022608532503996217,
    "eval_BLEU_bleuP": 2.2609,
    "eval_BLEU_brevity_penalty": 1.0,
    "eval_BLEU_length_ratio": 2.5536517195284967,
    "eval_BLEU_precisions": "[0.06918867475612657, 0.023809523809523808, 0.01545286875031155, 0.010263480392156863]",
    "eval_BLEU_reference_length": 8229,
    "eval_BLEU_translation_length": 21014,
    "eval_ROUGE_rouge1": 9.0728,
    "eval_ROUGE_rouge2": 2.353,
    "eval_ROUGE_rougeL": 8.4391,
    "eval_ROUGE_rougeLsum": 8.2619,
    "eval_gen_len": 113.77568134171908,
    "eval_loss": 4.24067497253418,
    "eval_runtime": 76.1909,
    "eval_samples": 477,
    "eval_samples_per_second": 6.261,
    "eval_steps_per_second": 0.394,
    "predict_BLEU2_bleu": 0.045054953312188575,
    "predict_BLEU2_bleuP": 4.5054953312188575,
    "predict_BLEU2_precisions": "[0.08487613777830039, 0.03134665801672551, 0.02040670938532173, 0.013496057426165393]",
    "predict_BLEU_bleu": 0.022608532503996217,
    "predict_BLEU_bleuP": 2.2609,
    "predict_BLEU_brevity_penalty": 1.0,
    "predict_BLEU_length_ratio": 2.5536517195284967,
    "predict_BLEU_precisions": "[0.06918867475612657, 0.023809523809523808, 0.01545286875031155, 0.010263480392156863]",
    "predict_BLEU_reference_length": 8229,
    "predict_BLEU_translation_length": 21014,
    "predict_ROUGE_rouge1": 9.0728,
    "predict_ROUGE_rouge2": 2.353,
    "predict_ROUGE_rougeL": 8.4391,
    "predict_ROUGE_rougeLsum": 8.2619,
    "predict_gen_len": 113.77568134171908,
    "predict_loss": 4.24067497253418,
    "predict_runtime": 77.6187,
    "predict_samples": 477,
    "predict_samples_per_second": 6.145,
    "predict_steps_per_second": 0.387,
    "train_loss": 4.894532027067961,
    "train_runtime": 1173.6875,
    "train_samples": 2300,
    "train_samples_per_second": 11.758,
    "train_steps_per_second": 0.736
}