{
    "epoch": 30.0,
    "eval_BLEU2_bleu": 0.4118412961791034,
    "eval_BLEU2_bleuP": 41.184129617910344,
    "eval_BLEU2_precisions": "[0.7050565451446069, 0.5178103293261616, 0.40951140763742133, 0.3434987536471268]",
    "eval_BLEU_bleu": 0.3801468817426209,
    "eval_BLEU_bleuP": 38.0147,
    "eval_BLEU_brevity_penalty": 0.8932674933706128,
    "eval_BLEU_length_ratio": 0.8985781990521327,
    "eval_BLEU_precisions": "[0.6523401450230718, 0.46102982554867755, 0.3629920072387272, 0.30045498862528436]",
    "eval_BLEU_reference_length": 8440,
    "eval_BLEU_translation_length": 7584,
    "eval_ROUGE_rouge1": 58.2604,
    "eval_ROUGE_rouge2": 36.619,
    "eval_ROUGE_rougeL": 56.3539,
    "eval_ROUGE_rougeLsum": 56.5401,
    "eval_gen_len": 17.38574423480084,
    "eval_loss": 1.4747830629348755,
    "eval_runtime": 28.9579,
    "eval_samples": 477,
    "eval_samples_per_second": 16.472,
    "eval_steps_per_second": 2.072,
    "predict_BLEU2_bleu": 0.4118412961791034,
    "predict_BLEU2_bleuP": 41.184129617910344,
    "predict_BLEU2_precisions": "[0.7050565451446069, 0.5178103293261616, 0.40951140763742133, 0.3434987536471268]",
    "predict_BLEU_bleu": 0.3801468817426209,
    "predict_BLEU_bleuP": 38.0147,
    "predict_BLEU_brevity_penalty": 0.8932674933706128,
    "predict_BLEU_length_ratio": 0.8985781990521327,
    "predict_BLEU_precisions": "[0.6523401450230718, 0.46102982554867755, 0.3629920072387272, 0.30045498862528436]",
    "predict_BLEU_reference_length": 8440,
    "predict_BLEU_translation_length": 7584,
    "predict_ROUGE_rouge1": 58.2604,
    "predict_ROUGE_rouge2": 36.619,
    "predict_ROUGE_rougeL": 56.3539,
    "predict_ROUGE_rougeLsum": 56.5401,
    "predict_gen_len": 17.38574423480084,
    "predict_loss": 1.4747830629348755,
    "predict_runtime": 29.0054,
    "predict_samples": 477,
    "predict_samples_per_second": 16.445,
    "predict_steps_per_second": 2.069,
    "train_loss": 0.0023197990876656993,
    "train_runtime": 75.8003,
    "train_samples": 2300,
    "train_samples_per_second": 910.287,
    "train_steps_per_second": 56.992
}