{
    "epoch": 30.0,
    "eval_BLEU2_bleu": 0.34554695445438427,
    "eval_BLEU2_bleuP": 34.554695445438426,
    "eval_BLEU2_precisions": "[0.7118447071204489, 0.48180961356474034, 0.36759810040965935, 0.3015473028006519]",
    "eval_BLEU_bleu": 0.2954251467992285,
    "eval_BLEU_bleuP": 29.5425,
    "eval_BLEU_brevity_penalty": 0.7676514610096039,
    "eval_BLEU_length_ratio": 0.7908767772511849,
    "eval_BLEU_precisions": "[0.6369083283403235, 0.4182932731085659, 0.31964348130024467, 0.25757864632983796]",
    "eval_BLEU_reference_length": 8440,
    "eval_BLEU_translation_length": 6675,
    "eval_ROUGE_rouge1": 55.5186,
    "eval_ROUGE_rouge2": 32.7591,
    "eval_ROUGE_rougeL": 53.5423,
    "eval_ROUGE_rougeLsum": 53.7186,
    "eval_gen_len": 15.576519916142558,
    "eval_loss": 1.0702857971191406,
    "eval_runtime": 13.2092,
    "eval_samples": 477,
    "eval_samples_per_second": 36.111,
    "eval_steps_per_second": 1.136,
    "predict_BLEU2_bleu": 0.34554695445438427,
    "predict_BLEU2_bleuP": 34.554695445438426,
    "predict_BLEU2_precisions": "[0.7118447071204489, 0.48180961356474034, 0.36759810040965935, 0.3015473028006519]",
    "predict_BLEU_bleu": 0.2954251467992285,
    "predict_BLEU_bleuP": 29.5425,
    "predict_BLEU_brevity_penalty": 0.7676514610096039,
    "predict_BLEU_length_ratio": 0.7908767772511849,
    "predict_BLEU_precisions": "[0.6369083283403235, 0.4182932731085659, 0.31964348130024467, 0.25757864632983796]",
    "predict_BLEU_reference_length": 8440,
    "predict_BLEU_translation_length": 6675,
    "predict_ROUGE_rouge1": 55.5186,
    "predict_ROUGE_rouge2": 32.7591,
    "predict_ROUGE_rougeL": 53.5423,
    "predict_ROUGE_rougeLsum": 53.7186,
    "predict_gen_len": 15.576519916142558,
    "predict_loss": 1.0702857971191406,
    "predict_runtime": 13.3149,
    "predict_samples": 477,
    "predict_samples_per_second": 35.825,
    "predict_steps_per_second": 1.127,
    "train_loss": 0.1301363468170166,
    "train_runtime": 93.0737,
    "train_samples": 2300,
    "train_samples_per_second": 741.348,
    "train_steps_per_second": 30.943
}