{
    "epoch": 5.0,
    "eval_BLEU2_bleu": 0.13984544818334385,
    "eval_BLEU2_bleuP": 13.984544818334385,
    "eval_BLEU2_precisions": "[0.46451569573217805, 0.2459323970289424, 0.17024254280661108, 0.12382554527403619]",
    "eval_BLEU_bleu": 0.12027853443917129,
    "eval_BLEU_bleuP": 12.0279,
    "eval_BLEU_brevity_penalty": 1.0,
    "eval_BLEU_length_ratio": 1.0401658767772513,
    "eval_BLEU_precisions": "[0.28291571753986333, 0.1294712754426111, 0.08707865168539326, 0.06561608477109089]",
    "eval_BLEU_reference_length": 8440,
    "eval_BLEU_translation_length": 8779,
    "eval_ROUGE_rouge1": 33.4792,
    "eval_ROUGE_rouge2": 13.7512,
    "eval_ROUGE_rougeL": 31.9087,
    "eval_ROUGE_rougeLsum": 32.0537,
    "eval_gen_len": 21.840670859538783,
    "eval_loss": 3.7860605716705322,
    "eval_runtime": 75.3561,
    "eval_samples": 477,
    "eval_samples_per_second": 6.33,
    "eval_steps_per_second": 0.796,
    "predict_BLEU2_bleu": 0.13984544818334385,
    "predict_BLEU2_bleuP": 13.984544818334385,
    "predict_BLEU2_precisions": "[0.46451569573217805, 0.2459323970289424, 0.17024254280661108, 0.12382554527403619]",
    "predict_BLEU_bleu": 0.12027853443917129,
    "predict_BLEU_bleuP": 12.0279,
    "predict_BLEU_brevity_penalty": 1.0,
    "predict_BLEU_length_ratio": 1.0401658767772513,
    "predict_BLEU_precisions": "[0.28291571753986333, 0.1294712754426111, 0.08707865168539326, 0.06561608477109089]",
    "predict_BLEU_reference_length": 8440,
    "predict_BLEU_translation_length": 8779,
    "predict_ROUGE_rouge1": 33.4792,
    "predict_ROUGE_rouge2": 13.7512,
    "predict_ROUGE_rougeL": 31.9087,
    "predict_ROUGE_rougeLsum": 32.0537,
    "predict_gen_len": 21.840670859538783,
    "predict_loss": 3.7860605716705322,
    "predict_runtime": 75.2125,
    "predict_samples": 477,
    "predict_samples_per_second": 6.342,
    "predict_steps_per_second": 0.798,
    "train_loss": 4.573269695705838,
    "train_runtime": 771.2144,
    "train_samples": 2300,
    "train_samples_per_second": 14.912,
    "train_steps_per_second": 1.867
}