{
    "epoch": 3.0,
    "eval_BLEU_bleu": 0.019824815733014804,
    "eval_BLEU_bleuP": 1.9825,
    "eval_BLEU_brevity_penalty": 0.1820773729619056,
    "eval_BLEU_length_ratio": 0.3699150246926023,
    "eval_BLEU_precisions": "[0.425776926351639, 0.14029848044672513, 0.06510684534588917, 0.03613690716526385]",
    "eval_BLEU_reference_length": 635008,
    "eval_BLEU_translation_length": 234899,
    "eval_ROUGE_rouge1": 27.3226,
    "eval_ROUGE_rouge2": 8.076,
    "eval_ROUGE_rougeL": 23.9266,
    "eval_ROUGE_rougeLsum": 25.0785,
    "eval_gen_len": 25.16982894925974,
    "eval_loss": 2.6963160037994385,
    "eval_runtime": 1325.6001,
    "eval_samples": 13914,
    "eval_samples_per_second": 10.496,
    "eval_steps_per_second": 0.656,
    "predict_BLEU_bleu": 0.02287871369286257,
    "predict_BLEU_bleuP": 2.2879,
    "predict_BLEU_brevity_penalty": 0.1887321501730426,
    "predict_BLEU_length_ratio": 0.37489318394225546,
    "predict_BLEU_precisions": "[0.43840533580848257, 0.15164786125852586, 0.07554773394242065, 0.04299414333729144]",
    "predict_BLEU_reference_length": 649481,
    "predict_BLEU_translation_length": 243486,
    "predict_ROUGE_rouge1": 28.3253,
    "predict_ROUGE_rouge2": 8.2885,
    "predict_ROUGE_rougeL": 24.7872,
    "predict_ROUGE_rougeLsum": 25.8804,
    "predict_gen_len": 24.185882826116103,
    "predict_loss": 2.680762529373169,
    "predict_runtime": 1401.6972,
    "predict_samples": 14918,
    "predict_samples_per_second": 10.643,
    "predict_steps_per_second": 0.666,
    "train_loss": 0.2853616058900926,
    "train_runtime": 2580.485,
    "train_samples": 251820,
    "train_samples_per_second": 292.759,
    "train_steps_per_second": 18.298
}