{
    "epoch": 3.0,
    "eval_BLEU2_bleu": 0.2434677863198834,
    "eval_BLEU2_bleuP": 24.34677863198834,
    "eval_BLEU2_precisions": "[0.5152914719278989, 0.19880093017060993, 0.09413119756961223, 0.044720035865467994]",
    "eval_BLEU_bleu": 0.08424254585467854,
    "eval_BLEU_bleuP": 8.4243,
    "eval_BLEU_brevity_penalty": 0.6394622979954707,
    "eval_BLEU_length_ratio": 0.6910240600320101,
    "eval_BLEU_precisions": "[0.4696375234141649, 0.17601090413448434, 0.08283075763286846, 0.043991843230876355]",
    "eval_BLEU_reference_length": 114339,
    "eval_BLEU_translation_length": 79011,
    "eval_ROUGE_rouge1": 46.4184,
    "eval_ROUGE_rouge2": 19.3401,
    "eval_ROUGE_rougeL": 43.7327,
    "eval_ROUGE_rougeLsum": 43.8017,
    "eval_gen_len": 8.280080110922816,
    "eval_loss": 2.33604097366333,
    "eval_runtime": 536.7425,
    "eval_samples": 12982,
    "eval_samples_per_second": 24.187,
    "eval_steps_per_second": 1.513,
    "predict_BLEU2_bleu": 0.24543762066697453,
    "predict_BLEU2_bleuP": 24.543762066697454,
    "predict_BLEU2_precisions": "[0.5372955317938425, 0.2102029853610738, 0.10115211842056447, 0.047067030578162306]",
    "predict_BLEU_bleu": 0.0836295441496389,
    "predict_BLEU_bleuP": 8.363,
    "predict_BLEU_brevity_penalty": 0.6167890689969847,
    "predict_BLEU_length_ratio": 0.674205098144833,
    "predict_BLEU_precisions": "[0.48822755363394976, 0.1859774964838256, 0.08649803811659193, 0.043033166574022605]",
    "predict_BLEU_reference_length": 126242,
    "predict_BLEU_translation_length": 85113,
    "predict_ROUGE_rouge1": 47.2079,
    "predict_ROUGE_rouge2": 19.9868,
    "predict_ROUGE_rougeL": 44.4314,
    "predict_ROUGE_rougeLsum": 44.5214,
    "predict_gen_len": 8.218923933209647,
    "predict_loss": 2.298999071121216,
    "predict_runtime": 575.2967,
    "predict_samples": 14014,
    "predict_samples_per_second": 24.36,
    "predict_steps_per_second": 1.523,
    "train_loss": 2.652131528896958,
    "train_runtime": 29527.7211,
    "train_samples": 241241,
    "train_samples_per_second": 24.51,
    "train_steps_per_second": 1.532
}