{
    "epoch": 30.0,
    "eval_BLEU2_bleu": 0.4134327630350959,
    "eval_BLEU2_bleuP": 41.34327630350959,
    "eval_BLEU2_precisions": "[0.716346017387985, 0.5232829287546679, 0.4102810861160032, 0.3426107531289293]",
    "eval_BLEU_bleu": 0.38404335628533304,
    "eval_BLEU_bleuP": 38.4043,
    "eval_BLEU_brevity_penalty": 0.9007140286927421,
    "eval_BLEU_length_ratio": 0.9053317535545023,
    "eval_BLEU_precisions": "[0.6529704265898979, 0.46043265875785067, 0.3645334928229665, 0.3015617452906134]",
    "eval_BLEU_reference_length": 8440,
    "eval_BLEU_translation_length": 7641,
    "eval_ROUGE_rouge1": 58.6719,
    "eval_ROUGE_rouge2": 37.0361,
    "eval_ROUGE_rougeL": 57.0493,
    "eval_ROUGE_rougeLsum": 57.1897,
    "eval_gen_len": 17.461215932914047,
    "eval_loss": 1.5754832029342651,
    "eval_runtime": 30.1593,
    "eval_samples": 477,
    "eval_samples_per_second": 15.816,
    "eval_steps_per_second": 1.989,
    "predict_BLEU2_bleu": 0.4134327630350959,
    "predict_BLEU2_bleuP": 41.34327630350959,
    "predict_BLEU2_precisions": "[0.716346017387985, 0.5232829287546679, 0.4102810861160032, 0.3426107531289293]",
    "predict_BLEU_bleu": 0.38404335628533304,
    "predict_BLEU_bleuP": 38.4043,
    "predict_BLEU_brevity_penalty": 0.9007140286927421,
    "predict_BLEU_length_ratio": 0.9053317535545023,
    "predict_BLEU_precisions": "[0.6529704265898979, 0.46043265875785067, 0.3645334928229665, 0.3015617452906134]",
    "predict_BLEU_reference_length": 8440,
    "predict_BLEU_translation_length": 7641,
    "predict_ROUGE_rouge1": 58.6719,
    "predict_ROUGE_rouge2": 37.0361,
    "predict_ROUGE_rougeL": 57.0493,
    "predict_ROUGE_rougeLsum": 57.1897,
    "predict_gen_len": 17.461215932914047,
    "predict_loss": 1.5754832029342651,
    "predict_runtime": 30.1476,
    "predict_samples": 477,
    "predict_samples_per_second": 15.822,
    "predict_steps_per_second": 1.99,
    "train_loss": 0.28842363754908246,
    "train_runtime": 1206.4552,
    "train_samples": 2300,
    "train_samples_per_second": 57.192,
    "train_steps_per_second": 7.161
}