{
    "epoch": 6.0,
    "eval_BLEU2_bleu": 0.03615251273077237,
    "eval_BLEU2_bleuP": 3.615251273077237,
    "eval_BLEU2_precisions": "[0.06570110911873443, 0.024167996521219957, 0.015666980913376975, 0.010025430952543836]",
    "eval_BLEU_bleu": 0.014252401723021151,
    "eval_BLEU_bleuP": 1.4252,
    "eval_BLEU_brevity_penalty": 1.0,
    "eval_BLEU_length_ratio": 2.5616721351318508,
    "eval_BLEU_precisions": "[0.04364119349176984, 0.014754416618132402, 0.00983753167387092, 0.006513994910941475]",
    "eval_BLEU_reference_length": 8229,
    "eval_BLEU_translation_length": 21080,
    "eval_ROUGE_rouge1": 6.0072,
    "eval_ROUGE_rouge2": 1.5519,
    "eval_ROUGE_rougeL": 5.5768,
    "eval_ROUGE_rougeLsum": 5.6115,
    "eval_gen_len": 113.11949685534591,
    "eval_loss": 4.700250148773193,
    "eval_runtime": 91.0911,
    "eval_samples": 477,
    "eval_samples_per_second": 5.237,
    "eval_steps_per_second": 0.329,
    "predict_BLEU2_bleu": 0.03615251273077237,
    "predict_BLEU2_bleuP": 3.615251273077237,
    "predict_BLEU2_precisions": "[0.06570110911873443, 0.024167996521219957, 0.015666980913376975, 0.010025430952543836]",
    "predict_BLEU_bleu": 0.014252401723021151,
    "predict_BLEU_bleuP": 1.4252,
    "predict_BLEU_brevity_penalty": 1.0,
    "predict_BLEU_length_ratio": 2.5616721351318508,
    "predict_BLEU_precisions": "[0.04364119349176984, 0.014754416618132402, 0.00983753167387092, 0.006513994910941475]",
    "predict_BLEU_reference_length": 8229,
    "predict_BLEU_translation_length": 21080,
    "predict_ROUGE_rouge1": 6.0072,
    "predict_ROUGE_rouge2": 1.5519,
    "predict_ROUGE_rougeL": 5.5768,
    "predict_ROUGE_rougeLsum": 5.6115,
    "predict_gen_len": 113.11949685534591,
    "predict_loss": 4.700250148773193,
    "predict_runtime": 90.6404,
    "predict_samples": 477,
    "predict_samples_per_second": 5.263,
    "predict_steps_per_second": 0.331,
    "train_loss": 5.294050817136411,
    "train_runtime": 1295.3628,
    "train_samples": 2300,
    "train_samples_per_second": 10.653,
    "train_steps_per_second": 0.667
}