{
    "epoch": 3.0,
    "eval_BLEU2_bleu": 0.17108515907032298,
    "eval_BLEU2_bleuP": 17.1085159070323,
    "eval_BLEU2_precisions": "[0.5410317639392778, 0.19025471286848394, 0.0780935016822388, 0.03778822656297048]",
    "eval_BLEU_bleu": 0.05322476936967352,
    "eval_BLEU_bleuP": 5.3225,
    "eval_BLEU_brevity_penalty": 0.4702971108221935,
    "eval_BLEU_length_ratio": 0.5699984832397997,
    "eval_BLEU_precisions": "[0.4933398030898305, 0.16479261695131006, 0.06586510144809797, 0.03063561748425272]",
    "eval_BLEU_reference_length": 112081,
    "eval_BLEU_translation_length": 63886,
    "eval_ROUGE_rouge1": 40.448,
    "eval_ROUGE_rouge2": 15.6329,
    "eval_ROUGE_rougeL": 37.7903,
    "eval_ROUGE_rougeLsum": 38.1191,
    "eval_gen_len": 17.48627986348123,
    "eval_loss": 2.052145481109619,
    "eval_runtime": 462.3517,
    "eval_samples": 7325,
    "eval_samples_per_second": 15.843,
    "eval_steps_per_second": 0.991,
    "predict_BLEU2_bleu": 0.16002583244705174,
    "predict_BLEU2_bleuP": 16.002583244705175,
    "predict_BLEU2_precisions": "[0.5353547306950968, 0.17484790038121426, 0.07538407424878839, 0.03416645223774003]",
    "predict_BLEU_bleu": 0.04703134201358233,
    "predict_BLEU_bleuP": 4.7031,
    "predict_BLEU_brevity_penalty": 0.4483536121324959,
    "predict_BLEU_length_ratio": 0.5548856713347575,
    "predict_BLEU_precisions": "[0.4855774029344246, 0.15187628001483608, 0.06220193360426061, 0.02639456376865427]",
    "predict_BLEU_reference_length": 126390,
    "predict_BLEU_translation_length": 70132,
    "predict_ROUGE_rouge1": 39.7073,
    "predict_ROUGE_rouge2": 14.261,
    "predict_ROUGE_rougeL": 36.9564,
    "predict_ROUGE_rougeLsum": 37.2727,
    "predict_gen_len": 16.880817532627432,
    "predict_loss": 2.2153406143188477,
    "predict_runtime": 526.7043,
    "predict_samples": 8122,
    "predict_samples_per_second": 15.42,
    "predict_steps_per_second": 0.964,
    "train_loss": 2.3469519407218344,
    "train_runtime": 21139.9302,
    "train_samples": 167288,
    "train_samples_per_second": 23.74,
    "train_steps_per_second": 1.484
}