{
    "epoch": 10.0,
    "eval_BLEU2_bleu": 0.30779530453475784,
    "eval_BLEU2_bleuP": 30.779530453475783,
    "eval_BLEU2_precisions": "[0.7083528949667639, 0.4726068223990409, 0.3575035940203301, 0.2909543682960407]",
    "eval_BLEU_bleu": 0.24981837626806133,
    "eval_BLEU_bleuP": 24.9818,
    "eval_BLEU_brevity_penalty": 0.7952756060191836,
    "eval_BLEU_length_ratio": 0.8136255924170616,
    "eval_BLEU_precisions": "[0.5550378567268491, 0.34454701924581443, 0.2539736219141021, 0.2004782048924039]",
    "eval_BLEU_reference_length": 8440,
    "eval_BLEU_translation_length": 6867,
    "eval_ROUGE_rouge1": 51.9053,
    "eval_ROUGE_rouge2": 29.8487,
    "eval_ROUGE_rougeL": 49.8696,
    "eval_ROUGE_rougeLsum": 49.9385,
    "eval_gen_len": 16.41928721174004,
    "eval_loss": 1.27101469039917,
    "eval_runtime": 54.5056,
    "eval_samples": 477,
    "eval_samples_per_second": 8.751,
    "eval_steps_per_second": 1.101,
    "predict_BLEU2_bleu": 0.30779530453475784,
    "predict_BLEU2_bleuP": 30.779530453475783,
    "predict_BLEU2_precisions": "[0.7083528949667639, 0.4726068223990409, 0.3575035940203301, 0.2909543682960407]",
    "predict_BLEU_bleu": 0.24981837626806133,
    "predict_BLEU_bleuP": 24.9818,
    "predict_BLEU_brevity_penalty": 0.7952756060191836,
    "predict_BLEU_length_ratio": 0.8136255924170616,
    "predict_BLEU_precisions": "[0.5550378567268491, 0.34454701924581443, 0.2539736219141021, 0.2004782048924039]",
    "predict_BLEU_reference_length": 8440,
    "predict_BLEU_translation_length": 6867,
    "predict_ROUGE_rouge1": 51.9053,
    "predict_ROUGE_rouge2": 29.8487,
    "predict_ROUGE_rougeL": 49.8696,
    "predict_ROUGE_rougeLsum": 49.9385,
    "predict_gen_len": 16.41928721174004,
    "predict_loss": 1.27101469039917,
    "predict_runtime": 54.3743,
    "predict_samples": 477,
    "predict_samples_per_second": 8.773,
    "predict_steps_per_second": 1.103,
    "train_loss": 2.0763693279690214,
    "train_runtime": 678.8353,
    "train_samples": 2300,
    "train_samples_per_second": 33.882,
    "train_steps_per_second": 4.243
}