{
    "epoch": 3.0,
    "eval_BLEU2_bleu": 0.1515093572407525,
    "eval_BLEU2_bleuP": 15.150935724075252,
    "eval_BLEU2_precisions": "[0.5421948114110038, 0.16857545128194354, 0.06185276157507103, 0.023899163912815817]",
    "eval_BLEU_bleu": 0.033088956186437805,
    "eval_BLEU_bleuP": 3.3089,
    "eval_BLEU_brevity_penalty": 0.39051356815844074,
    "eval_BLEU_length_ratio": 0.5153861939133305,
    "eval_BLEU_precisions": "[0.46709136862514283, 0.13669435578200273, 0.04791724649781984, 0.01684781090218211]",
    "eval_BLEU_reference_length": 112081,
    "eval_BLEU_translation_length": 57765,
    "eval_ROUGE_rouge1": 36.1538,
    "eval_ROUGE_rouge2": 12.6201,
    "eval_ROUGE_rougeL": 34.426,
    "eval_ROUGE_rougeLsum": 34.6401,
    "eval_gen_len": 17.04027303754266,
    "eval_loss": 2.276691436767578,
    "eval_runtime": 620.5153,
    "eval_samples": 7325,
    "eval_samples_per_second": 11.805,
    "eval_steps_per_second": 0.738,
    "predict_BLEU2_bleu": 0.1442438619963794,
    "predict_BLEU2_bleuP": 14.42438619963794,
    "predict_BLEU2_precisions": "[0.5376540998123747, 0.15003216159713187, 0.058035688251705186, 0.02176616612444809]",
    "predict_BLEU_bleu": 0.029835117402063103,
    "predict_BLEU_bleuP": 2.9835,
    "predict_BLEU_brevity_penalty": 0.3504653302219608,
    "predict_BLEU_length_ratio": 0.48816362053959966,
    "predict_BLEU_precisions": "[0.47768233387358183, 0.12880286684833328, 0.04844244984160507, 0.017621381323478215]",
    "predict_BLEU_reference_length": 126390,
    "predict_BLEU_translation_length": 61699,
    "predict_ROUGE_rouge1": 35.7691,
    "predict_ROUGE_rouge2": 11.3219,
    "predict_ROUGE_rougeL": 33.573,
    "predict_ROUGE_rougeLsum": 33.7761,
    "predict_gen_len": 16.09862102930313,
    "predict_loss": 2.4020001888275146,
    "predict_runtime": 620.4045,
    "predict_samples": 8122,
    "predict_samples_per_second": 13.091,
    "predict_steps_per_second": 0.819,
    "train_loss": 2.617786612750255,
    "train_runtime": 22302.5067,
    "train_samples": 167288,
    "train_samples_per_second": 22.503,
    "train_steps_per_second": 1.406
}